"filename", "language", "Markdown", "JSON", "YAML", "XML", "PHP", "PostCSS", "HTML", "JavaScript JSX", "Docker", "MS SQL", "comment", "blank", "total"
"/Users/msierradiego/Proyecto1/App/API/ApiAlumno.php", "PHP", 0, 0, 0, 0, 271, 0, 0, 0, 0, 0, 1, 51, 323
"/Users/msierradiego/Proyecto1/App/API/ApiCiclo.php", "PHP", 0, 0, 0, 0, 55, 0, 0, 0, 0, 0, 3, 9, 67
"/Users/msierradiego/Proyecto1/App/API/ApiEmpresa.php", "PHP", 0, 0, 0, 0, 95, 0, 0, 0, 0, 0, 0, 19, 114
"/Users/msierradiego/Proyecto1/App/API/ApiFamilia.php", "PHP", 0, 0, 0, 0, 30, 0, 0, 0, 0, 0, 0, 6, 36
"/Users/msierradiego/Proyecto1/App/API/ApiLogin.php", "PHP", 0, 0, 0, 0, 74, 0, 0, 0, 0, 0, 1, 18, 93
"/Users/msierradiego/Proyecto1/App/API/ApiSolicitud.php", "PHP", 0, 0, 0, 0, 104, 0, 0, 0, 0, 0, 0, 27, 131
"/Users/msierradiego/Proyecto1/App/API/ApiStatsEmpresa.php", "PHP", 0, 0, 0, 0, 83, 0, 0, 0, 0, 0, 0, 21, 104
"/Users/msierradiego/Proyecto1/App/composer.json", "JSON", 0, 11, 0, 0, 0, 0, 0, 0, 0, 0, 0, 1, 12
"/Users/msierradiego/Proyecto1/App/composer.lock", "JSON", 0, 455, 0, 0, 0, 0, 0, 0, 0, 0, 0, 1, 456
"/Users/msierradiego/Proyecto1/App/core/DTO/AlumnoDTO.php", "PHP", 0, 0, 0, 0, 33, 0, 0, 0, 0, 0, 0, 8, 41
"/Users/msierradiego/Proyecto1/App/core/DTO/CicloDTO.php", "PHP", 0, 0, 0, 0, 25, 0, 0, 0, 0, 0, 0, 8, 33
"/Users/msierradiego/Proyecto1/App/core/DTO/EmpresaDTO.php", "PHP", 0, 0, 0, 0, 35, 0, 0, 0, 0, 0, 0, 6, 41
"/Users/msierradiego/Proyecto1/App/core/DTO/OfertaDTO.php", "PHP", 0, 0, 0, 0, 31, 0, 0, 0, 0, 0, 0, 5, 36
"/Users/msierradiego/Proyecto1/App/core/controller/AdminController.php", "PHP", 0, 0, 0, 0, 10, 0, 0, 0, 0, 0, 0, 5, 15
"/Users/msierradiego/Proyecto1/App/core/controller/AlumnoController.php", "PHP", 0, 0, 0, 0, 27, 0, 0, 0, 0, 0, 0, 7, 34
"/Users/msierradiego/Proyecto1/App/core/controller/AuthController.php", "PHP", 0, 0, 0, 0, 103, 0, 0, 0, 0, 0, 0, 30, 133
"/Users/msierradiego/Proyecto1/App/core/controller/EmpresaController.php", "PHP", 0, 0, 0, 0, 152, 0, 0, 0, 0, 0, 4, 39, 195
"/Users/msierradiego/Proyecto1/App/core/controller/LandingController.php", "PHP", 0, 0, 0, 0, 18, 0, 0, 0, 0, 0, 0, 8, 26
"/Users/msierradiego/Proyecto1/App/core/controller/OfertaController.php", "PHP", 0, 0, 0, 0, 197, 0, 0, 0, 0, 0, 0, 56, 253
"/Users/msierradiego/Proyecto1/App/core/controller/Router.php", "PHP", 0, 0, 0, 0, 152, 0, 0, 0, 0, 0, 0, 18, 170
"/Users/msierradiego/Proyecto1/App/core/controller/SolicitudController.php", "PHP", 0, 0, 0, 0, 51, 0, 0, 0, 0, 0, 3, 12, 66
"/Users/msierradiego/Proyecto1/App/core/data/AlumnoRepo.php", "PHP", 0, 0, 0, 0, 524, 0, 0, 0, 0, 0, 7, 102, 633
"/Users/msierradiego/Proyecto1/App/core/data/Authorization.php", "PHP", 0, 0, 0, 0, 138, 0, 0, 0, 0, 0, 4, 44, 186
"/Users/msierradiego/Proyecto1/App/core/data/CicloRepo.php", "PHP", 0, 0, 0, 0, 177, 0, 0, 0, 0, 0, 4, 42, 223
"/Users/msierradiego/Proyecto1/App/core/data/DBC.php", "PHP", 0, 0, 0, 0, 15, 0, 0, 0, 0, 0, 0, 5, 20
"/Users/msierradiego/Proyecto1/App/core/data/EmpresaRepo.php", "PHP", 0, 0, 0, 0, 496, 0, 0, 0, 0, 0, 9, 81, 586
"/Users/msierradiego/Proyecto1/App/core/data/EstudiosRepo.php", "PHP", 0, 0, 0, 0, 119, 0, 0, 0, 0, 0, 0, 27, 146
"/Users/msierradiego/Proyecto1/App/core/data/FamiliaRepo.php", "PHP", 0, 0, 0, 0, 97, 0, 0, 0, 0, 0, 5, 24, 126
"/Users/msierradiego/Proyecto1/App/core/data/OfertaRepo.php", "PHP", 0, 0, 0, 0, 669, 0, 0, 0, 0, 0, 63, 136, 868
"/Users/msierradiego/Proyecto1/App/core/data/Recovery.php", "PHP", 0, 0, 0, 0, 0, 0, 0, 0, 0, 0, 0, 1, 1
"/Users/msierradiego/Proyecto1/App/core/data/RepoInterface.php", "PHP", 0, 0, 0, 0, 10, 0, 0, 0, 0, 0, 4, 6, 20
"/Users/msierradiego/Proyecto1/App/core/data/SolicitudRepo.php", "PHP", 0, 0, 0, 0, 235, 0, 0, 0, 0, 0, 33, 57, 325
"/Users/msierradiego/Proyecto1/App/core/dockerfile", "Docker", 0, 0, 0, 0, 0, 0, 0, 0, 19, 0, 25, 18, 62
"/Users/msierradiego/Proyecto1/App/core/helper/Adapter.php", "PHP", 0, 0, 0, 0, 473, 0, 0, 0, 0, 0, 28, 127, 628
"/Users/msierradiego/Proyecto1/App/core/helper/Autoloader.php", "PHP", 0, 0, 0, 0, 15, 0, 0, 0, 0, 0, 0, 5, 20
"/Users/msierradiego/Proyecto1/App/core/helper/Login.php", "PHP", 0, 0, 0, 0, 26, 0, 0, 0, 0, 0, 0, 9, 35
"/Users/msierradiego/Proyecto1/App/core/helper/Security.php", "PHP", 0, 0, 0, 0, 17, 0, 0, 0, 0, 0, 3, 13, 33
"/Users/msierradiego/Proyecto1/App/core/helper/Session.php", "PHP", 0, 0, 0, 0, 62, 0, 0, 0, 0, 0, 0, 13, 75
"/Users/msierradiego/Proyecto1/App/core/helper/Validator.php", "PHP", 0, 0, 0, 0, 142, 0, 0, 0, 0, 0, 1, 50, 193
"/Users/msierradiego/Proyecto1/App/core/model/Alumno.php", "PHP", 0, 0, 0, 0, 49, 0, 0, 0, 0, 0, 1, 9, 59
"/Users/msierradiego/Proyecto1/App/core/model/Ciclo.php", "PHP", 0, 0, 0, 0, 29, 0, 0, 0, 0, 0, 0, 6, 35
"/Users/msierradiego/Proyecto1/App/core/model/Empresa.php", "PHP", 0, 0, 0, 0, 48, 0, 0, 0, 0, 0, 1, 9, 58
"/Users/msierradiego/Proyecto1/App/core/model/Estudios.php", "PHP", 0, 0, 0, 0, 29, 0, 0, 0, 0, 0, 0, 8, 37
"/Users/msierradiego/Proyecto1/App/core/model/Familia.php", "PHP", 0, 0, 0, 0, 26, 0, 0, 0, 0, 0, 1, 8, 35
"/Users/msierradiego/Proyecto1/App/core/model/Oferta.php", "PHP", 0, 0, 0, 0, 38, 0, 0, 0, 0, 0, 0, 5, 43
"/Users/msierradiego/Proyecto1/App/core/model/Solicitud.php", "PHP", 0, 0, 0, 0, 34, 0, 0, 0, 0, 0, 0, 7, 41
"/Users/msierradiego/Proyecto1/App/core/view/templates/Admin/adminDashboard.php", "PHP", 0, 0, 0, 0, 14, 0, 0, 0, 0, 0, 0, 3, 17
"/Users/msierradiego/Proyecto1/App/core/view/templates/Alumno/alumnoDashboard.php", "PHP", 0, 0, 0, 0, 47, 0, 0, 0, 0, 0, 0, 6, 53
"/Users/msierradiego/Proyecto1/App/core/view/templates/Alumno/cards/card_misSolicitudes.php", "PHP", 0, 0, 0, 0, 34, 0, 0, 0, 0, 0, 0, 8, 42
"/Users/msierradiego/Proyecto1/App/core/view/templates/Alumno/cards/card_ofertaAlu.php", "PHP", 0, 0, 0, 0, 43, 0, 0, 0, 0, 0, 0, 6, 49
"/Users/msierradiego/Proyecto1/App/core/view/templates/Alumno/listadoAlumnos.php", "PHP", 0, 0, 0, 0, 44, 0, 0, 0, 0, 0, 0, 6, 50
"/Users/msierradiego/Proyecto1/App/core/view/templates/Alumno/misSolicitudes.php", "PHP", 0, 0, 0, 0, 26, 0, 0, 0, 0, 0, 0, 0, 26
"/Users/msierradiego/Proyecto1/App/core/view/templates/Alumno/verOfertasAlu.php", "PHP", 0, 0, 0, 0, 29, 0, 0, 0, 0, 0, 0, 2, 31
"/Users/msierradiego/Proyecto1/App/core/view/templates/Auth/login.php", "PHP", 0, 0, 0, 0, 85, 0, 0, 0, 0, 0, 2, 11, 98
"/Users/msierradiego/Proyecto1/App/core/view/templates/Auth/regRedirect.php", "PHP", 0, 0, 0, 0, 26, 0, 0, 0, 0, 0, 0, 5, 31
"/Users/msierradiego/Proyecto1/App/core/view/templates/Auth/registerA.php", "PHP", 0, 0, 0, 0, 110, 0, 0, 0, 0, 0, 0, 21, 131
"/Users/msierradiego/Proyecto1/App/core/view/templates/Auth/registerE.php", "PHP", 0, 0, 0, 0, 111, 0, 0, 0, 0, 0, 1, 16, 128
"/Users/msierradiego/Proyecto1/App/core/view/templates/Empresa/addEmpresa.php", "PHP", 0, 0, 0, 0, 56, 0, 0, 0, 0, 0, 2, 11, 69
"/Users/msierradiego/Proyecto1/App/core/view/templates/Empresa/cards/card_candidate.php", "PHP", 0, 0, 0, 0, 57, 0, 0, 0, 0, 0, 1, 13, 71
"/Users/msierradiego/Proyecto1/App/core/view/templates/Empresa/cards/card_logoFunctional.php", "PHP", 0, 0, 0, 0, 6, 0, 0, 0, 0, 0, 0, 0, 6
"/Users/msierradiego/Proyecto1/App/core/view/templates/Empresa/cards/card_misOfertas.php", "PHP", 0, 0, 0, 0, 46, 0, 0, 0, 0, 0, 0, 6, 52
"/Users/msierradiego/Proyecto1/App/core/view/templates/Empresa/cards/card_ofertaInfo.php", "PHP", 0, 0, 0, 0, 32, 0, 0, 0, 0, 0, 0, 6, 38
"/Users/msierradiego/Proyecto1/App/core/view/templates/Empresa/crearOferta.php", "PHP", 0, 0, 0, 0, 83, 0, 0, 0, 0, 0, 3, 12, 98
"/Users/msierradiego/Proyecto1/App/core/view/templates/Empresa/editEmpresa.php", "PHP", 0, 0, 0, 0, 45, 0, 0, 0, 0, 0, 0, 10, 55
"/Users/msierradiego/Proyecto1/App/core/view/templates/Empresa/editOferta.php", "PHP", 0, 0, 0, 0, 62, 0, 0, 0, 0, 0, 1, 13, 76
"/Users/msierradiego/Proyecto1/App/core/view/templates/Empresa/empresaDashboard.php", "PHP", 0, 0, 0, 0, 58, 0, 0, 0, 0, 0, 0, 10, 68
"/Users/msierradiego/Proyecto1/App/core/view/templates/Empresa/empresaNotVerified.php", "PHP", 0, 0, 0, 0, 26, 0, 0, 0, 0, 0, 1, 8, 35
"/Users/msierradiego/Proyecto1/App/core/view/templates/Empresa/listadoEmpresa.php", "PHP", 0, 0, 0, 0, 99, 0, 0, 0, 0, 0, 0, 14, 113
"/Users/msierradiego/Proyecto1/App/core/view/templates/Empresa/misOfertas.php", "PHP", 0, 0, 0, 0, 28, 0, 0, 0, 0, 0, 0, 2, 30
"/Users/msierradiego/Proyecto1/App/core/view/templates/Empresa/verCandidatos.php", "PHP", 0, 0, 0, 0, 36, 0, 0, 0, 0, 0, 0, 2, 38
"/Users/msierradiego/Proyecto1/App/core/view/templates/Empresa/verEmpresaInfo.php", "PHP", 0, 0, 0, 0, 91, 0, 0, 0, 0, 0, 0, 18, 109
"/Users/msierradiego/Proyecto1/App/core/view/templates/Empresa/verFichaEmpresa.php", "PHP", 0, 0, 0, 0, 67, 0, 0, 0, 0, 0, 0, 16, 83
"/Users/msierradiego/Proyecto1/App/core/view/templates/landing/home.php", "PHP", 0, 0, 0, 0, 113, 0, 0, 0, 0, 0, 8, 11, 132
"/Users/msierradiego/Proyecto1/App/core/view/templates/layout/adminLayout.php", "PHP", 0, 0, 0, 0, 108, 0, 0, 0, 0, 0, 0, 15, 123
"/Users/msierradiego/Proyecto1/App/core/view/templates/layout/layout.php", "PHP", 0, 0, 0, 0, 101, 0, 0, 0, 0, 0, 0, 12, 113
"/Users/msierradiego/Proyecto1/App/core/view/templates/partials/admin-aside.php", "PHP", 0, 0, 0, 0, 27, 0, 0, 0, 0, 0, 0, 1, 28
"/Users/msierradiego/Proyecto1/App/core/view/templates/partials/header-admin.php", "PHP", 0, 0, 0, 0, 23, 0, 0, 0, 0, 0, 0, 3, 26
"/Users/msierradiego/Proyecto1/App/core/view/templates/partials/header-alumno.php", "PHP", 0, 0, 0, 0, 29, 0, 0, 0, 0, 0, 1, 1, 31
"/Users/msierradiego/Proyecto1/App/core/view/templates/partials/header-empresa.php", "PHP", 0, 0, 0, 0, 27, 0, 0, 0, 0, 0, 0, 1, 28
"/Users/msierradiego/Proyecto1/App/core/view/templates/partials/header-guest.php", "PHP", 0, 0, 0, 0, 17, 0, 0, 0, 0, 0, 0, 0, 17
"/Users/msierradiego/Proyecto1/App/database/dockerfile", "Docker", 0, 0, 0, 0, 0, 0, 0, 0, 2, 0, 4, 2, 8
"/Users/msierradiego/Proyecto1/App/mail/Mailer.php", "PHP", 0, 0, 0, 0, 168, 0, 0, 0, 0, 0, 20, 38, 226
"/Users/msierradiego/Proyecto1/App/mail/dockerfile", "Docker", 0, 0, 0, 0, 0, 0, 0, 0, 2, 0, 4, 1, 7
"/Users/msierradiego/Proyecto1/App/public/assets/css/authorization.css", "PostCSS", 0, 0, 0, 0, 0, 667, 0, 0, 0, 0, 137, 130, 934
"/Users/msierradiego/Proyecto1/App/public/assets/css/listadosAdmin.css", "PostCSS", 0, 0, 0, 0, 0, 692, 0, 0, 0, 0, 73, 110, 875
"/Users/msierradiego/Proyecto1/App/public/assets/css/style.css", "PostCSS", 0, 0, 0, 0, 0, 1992, 0, 0, 0, 0, 232, 354, 2578
"/Users/msierradiego/Proyecto1/App/public/assets/images/Add.svg", "XML", 0, 0, 0, 1, 0, 0, 0, 0, 0, 0, 0, 0, 1
"/Users/msierradiego/Proyecto1/App/public/assets/images/ArrowDown.svg", "XML", 0, 0, 0, 1, 0, 0, 0, 0, 0, 0, 0, 0, 1
"/Users/msierradiego/Proyecto1/App/public/assets/images/StaticArrow.svg", "XML", 0, 0, 0, 1, 0, 0, 0, 0, 0, 0, 0, 0, 1
"/Users/msierradiego/Proyecto1/App/public/assets/images/Tick.svg", "XML", 0, 0, 0, 1, 0, 0, 0, 0, 0, 0, 0, 0, 1
"/Users/msierradiego/Proyecto1/App/public/assets/images/adminPfp.svg", "XML", 0, 0, 0, 1, 0, 0, 0, 0, 0, 0, 0, 0, 1
"/Users/msierradiego/Proyecto1/App/public/assets/images/calendar.svg", "XML", 0, 0, 0, 1, 0, 0, 0, 0, 0, 0, 0, 0, 1
"/Users/msierradiego/Proyecto1/App/public/assets/images/companyNull.svg", "XML", 0, 0, 0, 1, 0, 0, 0, 0, 0, 0, 0, 0, 1
"/Users/msierradiego/Proyecto1/App/public/assets/images/cross.svg", "XML", 0, 0, 0, 1, 0, 0, 0, 0, 0, 0, 0, 0, 1
"/Users/msierradiego/Proyecto1/App/public/assets/images/cv.svg", "XML", 0, 0, 0, 1, 0, 0, 0, 0, 0, 0, 0, 0, 1
"/Users/msierradiego/Proyecto1/App/public/assets/images/errorEmail.svg", "XML", 0, 0, 0, 1, 0, 0, 0, 0, 0, 0, 0, 0, 1
"/Users/msierradiego/Proyecto1/App/public/assets/images/fav.svg", "XML", 0, 0, 0, 1, 0, 0, 0, 0, 0, 0, 0, 0, 1
"/Users/msierradiego/Proyecto1/App/public/assets/images/faved.svg", "XML", 0, 0, 0, 1, 0, 0, 0, 0, 0, 0, 0, 0, 1
"/Users/msierradiego/Proyecto1/App/public/assets/images/genericAvatar.svg", "XML", 0, 0, 0, 1, 0, 0, 0, 0, 0, 0, 0, 0, 1
"/Users/msierradiego/Proyecto1/App/public/assets/images/genericCompany.svg", "XML", 0, 0, 0, 1, 0, 0, 0, 0, 0, 0, 0, 0, 1
"/Users/msierradiego/Proyecto1/App/public/assets/images/hire.svg", "XML", 0, 0, 0, 1, 0, 0, 0, 0, 0, 0, 0, 0, 1
"/Users/msierradiego/Proyecto1/App/public/assets/images/jobOffer.svg", "XML", 0, 0, 0, 1, 0, 0, 0, 0, 0, 0, 0, 0, 1
"/Users/msierradiego/Proyecto1/App/public/assets/images/location.svg", "XML", 0, 0, 0, 1, 0, 0, 0, 0, 0, 0, 0, 0, 1
"/Users/msierradiego/Proyecto1/App/public/assets/images/logoClear.svg", "XML", 0, 0, 0, 9, 0, 0, 0, 0, 0, 0, 0, 1, 10
"/Users/msierradiego/Proyecto1/App/public/assets/images/logoDark.svg", "XML", 0, 0, 0, 9, 0, 0, 0, 0, 0, 0, 0, 1, 10
"/Users/msierradiego/Proyecto1/App/public/assets/images/lupa.svg", "XML", 0, 0, 0, 1, 0, 0, 0, 0, 0, 0, 0, 0, 1
"/Users/msierradiego/Proyecto1/App/public/assets/images/reject.svg", "XML", 0, 0, 0, 1, 0, 0, 0, 0, 0, 0, 0, 0, 1
"/Users/msierradiego/Proyecto1/App/public/assets/images/saved.svg", "XML", 0, 0, 0, 1, 0, 0, 0, 0, 0, 0, 0, 0, 1
"/Users/msierradiego/Proyecto1/App/public/assets/images/solicitudesDash.svg", "XML", 0, 0, 0, 1, 0, 0, 0, 0, 0, 0, 0, 0, 1
"/Users/msierradiego/Proyecto1/App/public/assets/images/substract.svg", "XML", 0, 0, 0, 1, 0, 0, 0, 0, 0, 0, 0, 0, 1
"/Users/msierradiego/Proyecto1/App/public/assets/images/unveil.svg", "XML", 0, 0, 0, 1, 0, 0, 0, 0, 0, 0, 0, 0, 1
"/Users/msierradiego/Proyecto1/App/public/assets/images/volver.svg", "XML", 0, 0, 0, 1, 0, 0, 0, 0, 0, 0, 0, 0, 1
"/Users/msierradiego/Proyecto1/App/public/assets/js/FormHandler.js", "JavaScript JSX", 0, 0, 0, 0, 0, 0, 0, 160, 0, 0, 3, 33, 196
"/Users/msierradiego/Proyecto1/App/public/assets/js/addons.js", "JavaScript JSX", 0, 0, 0, 0, 0, 0, 0, 78, 0, 0, 6, 26, 110
"/Users/msierradiego/Proyecto1/App/public/assets/js/authorization.js", "JavaScript JSX", 0, 0, 0, 0, 0, 0, 0, 481, 0, 0, 4, 147, 632
"/Users/msierradiego/Proyecto1/App/public/assets/js/elements.js", "JavaScript JSX", 0, 0, 0, 0, 0, 0, 0, 22, 0, 0, 1, 8, 31
"/Users/msierradiego/Proyecto1/App/public/assets/js/empresaLogic.js", "JavaScript JSX", 0, 0, 0, 0, 0, 0, 0, 35, 0, 0, 0, 9, 44
"/Users/msierradiego/Proyecto1/App/public/assets/js/empresaStats.js", "JavaScript JSX", 0, 0, 0, 0, 0, 0, 0, 180, 0, 0, 32, 26, 238
"/Users/msierradiego/Proyecto1/App/public/assets/js/listaAlumnoLogic.js", "JavaScript JSX", 0, 0, 0, 0, 0, 0, 0, 740, 0, 0, 42, 213, 995
"/Users/msierradiego/Proyecto1/App/public/assets/js/login.js", "JavaScript JSX", 0, 0, 0, 0, 0, 0, 0, 11, 0, 0, 0, 4, 15
"/Users/msierradiego/Proyecto1/App/public/assets/js/misSolicitudesLogic.js", "JavaScript JSX", 0, 0, 0, 0, 0, 0, 0, 181, 0, 0, 0, 39, 220
"/Users/msierradiego/Proyecto1/App/public/assets/js/profileLogic.js", "JavaScript JSX", 0, 0, 0, 0, 0, 0, 0, 112, 0, 0, 1, 14, 127
"/Users/msierradiego/Proyecto1/App/public/assets/js/validators.js", "JavaScript JSX", 0, 0, 0, 0, 0, 0, 0, 52, 0, 0, 1, 17, 70
"/Users/msierradiego/Proyecto1/App/public/assets/js/verEmpresa.js", "JavaScript JSX", 0, 0, 0, 0, 0, 0, 0, 12, 0, 0, 0, 2, 14
"/Users/msierradiego/Proyecto1/App/public/assets/js/verOfertasEmp.js", "JavaScript JSX", 0, 0, 0, 0, 0, 0, 0, 34, 0, 0, 0, 6, 40
"/Users/msierradiego/Proyecto1/App/public/assets/js/verOfertasLogic.js", "JavaScript JSX", 0, 0, 0, 0, 0, 0, 0, 129, 0, 0, 2, 43, 174
"/Users/msierradiego/Proyecto1/App/public/index.php", "PHP", 0, 0, 0, 0, 6, 0, 0, 0, 0, 0, 0, 6, 12
"/Users/msierradiego/Proyecto1/App/vendor/autoload.php", "PHP", 0, 0, 0, 0, 17, 0, 0, 0, 0, 0, 1, 5, 23
"/Users/msierradiego/Proyecto1/App/vendor/composer/ClassLoader.php", "PHP", 0, 0, 0, 0, 286, 0, 0, 0, 0, 0, 235, 59, 580
"/Users/msierradiego/Proyecto1/App/vendor/composer/InstalledVersions.php", "PHP", 0, 0, 0, 0, 196, 0, 0, 0, 0, 0, 147, 54, 397
"/Users/msierradiego/Proyecto1/App/vendor/composer/autoload_classmap.php", "PHP", 0, 0, 0, 0, 7, 0, 0, 0, 0, 0, 1, 4, 12
"/Users/msierradiego/Proyecto1/App/vendor/composer/autoload_namespaces.php", "PHP", 0, 0, 0, 0, 5, 0, 0, 0, 0, 0, 1, 4, 10
"/Users/msierradiego/Proyecto1/App/vendor/composer/autoload_psr4.php", "PHP", 0, 0, 0, 0, 12, 0, 0, 0, 0, 0, 1, 4, 17
"/Users/msierradiego/Proyecto1/App/vendor/composer/autoload_real.php", "PHP", 0, 0, 0, 0, 25, 0, 0, 0, 0, 0, 4, 10, 39
"/Users/msierradiego/Proyecto1/App/vendor/composer/autoload_static.php", "PHP", 0, 0, 0, 0, 74, 0, 0, 0, 0, 0, 1, 8, 83
"/Users/msierradiego/Proyecto1/App/vendor/composer/installed.json", "JSON", 0, 461, 0, 0, 0, 0, 0, 0, 0, 0, 0, 1, 462
"/Users/msierradiego/Proyecto1/App/vendor/composer/installed.php", "PHP", 0, 0, 0, 0, 86, 0, 0, 0, 0, 0, 0, 1, 87
"/Users/msierradiego/Proyecto1/App/vendor/composer/platform_check.php", "PHP", 0, 0, 0, 0, 20, 0, 0, 0, 0, 0, 1, 5, 26
"/Users/msierradiego/Proyecto1/App/vendor/dompdf/dompdf/AUTHORS.md", "Markdown", 17, 0, 0, 0, 0, 0, 0, 0, 0, 0, 0, 8, 25
"/Users/msierradiego/Proyecto1/App/vendor/dompdf/dompdf/README.md", "Markdown", 174, 0, 0, 0, 0, 0, 0, 0, 0, 0, 0, 66, 240
"/Users/msierradiego/Proyecto1/App/vendor/dompdf/dompdf/composer.json", "JSON", 0, 49, 0, 0, 0, 0, 0, 0, 0, 0, 0, 1, 50
"/Users/msierradiego/Proyecto1/App/vendor/dompdf/dompdf/lib/Cpdf.php", "PHP", 0, 0, 0, 0, 4250, 0, 0, 0, 0, 0, 1661, 994, 6905
"/Users/msierradiego/Proyecto1/App/vendor/dompdf/dompdf/lib/fonts/Helvetica-Bold.afm.json", "JSON", 0, 569, 0, 0, 0, 0, 0, 0, 0, 0, 0, 0, 569
"/Users/msierradiego/Proyecto1/App/vendor/dompdf/dompdf/lib/fonts/Helvetica.afm.json", "JSON", 0, 569, 0, 0, 0, 0, 0, 0, 0, 0, 0, 0, 569
"/Users/msierradiego/Proyecto1/App/vendor/dompdf/dompdf/lib/fonts/Times-Bold.afm.json", "JSON", 0, 569, 0, 0, 0, 0, 0, 0, 0, 0, 0, 0, 569
"/Users/msierradiego/Proyecto1/App/vendor/dompdf/dompdf/lib/fonts/Times-Roman.afm.json", "JSON", 0, 569, 0, 0, 0, 0, 0, 0, 0, 0, 0, 0, 569
"/Users/msierradiego/Proyecto1/App/vendor/dompdf/dompdf/lib/fonts/installed-fonts.dist.json", "JSON", 0, 80, 0, 0, 0, 0, 0, 0, 0, 0, 0, 0, 80
"/Users/msierradiego/Proyecto1/App/vendor/dompdf/dompdf/lib/fonts/mustRead.html", "HTML", 0, 0, 0, 0, 0, 0, 17, 0, 0, 0, 0, 0, 17
"/Users/msierradiego/Proyecto1/App/vendor/dompdf/dompdf/lib/res/broken_image.svg", "XML", 0, 0, 0, 8, 0, 0, 0, 0, 0, 0, 0, 0, 8
"/Users/msierradiego/Proyecto1/App/vendor/dompdf/dompdf/lib/res/html.css", "PostCSS", 0, 0, 0, 0, 0, 395, 0, 0, 0, 0, 35, 97, 527
"/Users/msierradiego/Proyecto1/App/vendor/dompdf/dompdf/phpunit.xml", "XML", 0, 0, 0, 20, 0, 0, 0, 0, 0, 0, 0, 1, 21
"/Users/msierradiego/Proyecto1/App/vendor/dompdf/dompdf/src/Adapter/CPDF.php", "PHP", 0, 0, 0, 0, 612, 0, 0, 0, 0, 0, 242, 152, 1006
"/Users/msierradiego/Proyecto1/App/vendor/dompdf/dompdf/src/Adapter/GD.php", "PHP", 0, 0, 0, 0, 645, 0, 0, 0, 0, 0, 231, 186, 1062
"/Users/msierradiego/Proyecto1/App/vendor/dompdf/dompdf/src/Adapter/PDFLib.php", "PHP", 0, 0, 0, 0, 966, 0, 0, 0, 0, 0, 348, 244, 1558
"/Users/msierradiego/Proyecto1/App/vendor/dompdf/dompdf/src/Canvas.php", "PHP", 0, 0, 0, 0, 47, 0, 0, 0, 0, 0, 397, 44, 488
"/Users/msierradiego/Proyecto1/App/vendor/dompdf/dompdf/src/CanvasFactory.php", "PHP", 0, 0, 0, 0, 37, 0, 0, 0, 0, 0, 24, 8, 69
"/Users/msierradiego/Proyecto1/App/vendor/dompdf/dompdf/src/Cellmap.php", "PHP", 0, 0, 0, 0, 596, 0, 0, 0, 0, 0, 258, 156, 1010
"/Users/msierradiego/Proyecto1/App/vendor/dompdf/dompdf/src/Css/AttributeTranslator.php", "PHP", 0, 0, 0, 0, 448, 0, 0, 0, 0, 0, 145, 88, 681
"/Users/msierradiego/Proyecto1/App/vendor/dompdf/dompdf/src/Css/Color.php", "PHP", 0, 0, 0, 0, 272, 0, 0, 0, 0, 0, 32, 36, 340
"/Users/msierradiego/Proyecto1/App/vendor/dompdf/dompdf/src/Css/Content/Attr.php", "PHP", 0, 0, 0, 0, 19, 0, 0, 0, 0, 0, 3, 5, 27
"/Users/msierradiego/Proyecto1/App/vendor/dompdf/dompdf/src/Css/Content/CloseQuote.php", "PHP", 0, 0, 0, 0, 9, 0, 0, 0, 0, 0, 0, 2, 11
"/Users/msierradiego/Proyecto1/App/vendor/dompdf/dompdf/src/Css/Content/ContentPart.php", "PHP", 0, 0, 0, 0, 9, 0, 0, 0, 0, 0, 0, 2, 11
"/Users/msierradiego/Proyecto1/App/vendor/dompdf/dompdf/src/Css/Content/Counter.php", "PHP", 0, 0, 0, 0, 22, 0, 0, 0, 0, 0, 6, 6, 34
"/Users/msierradiego/Proyecto1/App/vendor/dompdf/dompdf/src/Css/Content/Counters.php", "PHP", 0, 0, 0, 0, 25, 0, 0, 0, 0, 0, 9, 7, 41
"/Users/msierradiego/Proyecto1/App/vendor/dompdf/dompdf/src/Css/Content/NoCloseQuote.php", "PHP", 0, 0, 0, 0, 9, 0, 0, 0, 0, 0, 0, 2, 11
"/Users/msierradiego/Proyecto1/App/vendor/dompdf/dompdf/src/Css/Content/NoOpenQuote.php", "PHP", 0, 0, 0, 0, 9, 0, 0, 0, 0, 0, 0, 2, 11
"/Users/msierradiego/Proyecto1/App/vendor/dompdf/dompdf/src/Css/Content/OpenQuote.php", "PHP", 0, 0, 0, 0, 9, 0, 0, 0, 0, 0, 0, 2, 11
"/Users/msierradiego/Proyecto1/App/vendor/dompdf/dompdf/src/Css/Content/StringPart.php", "PHP", 0, 0, 0, 0, 19, 0, 0, 0, 0, 0, 3, 5, 27
"/Users/msierradiego/Proyecto1/App/vendor/dompdf/dompdf/src/Css/Content/Url.php", "PHP", 0, 0, 0, 0, 19, 0, 0, 0, 0, 0, 3, 5, 27
"/Users/msierradiego/Proyecto1/App/vendor/dompdf/dompdf/src/Css/Style.php", "PHP", 0, 0, 0, 0, 2804, 0, 0, 0, 0, 0, 1247, 581, 4632
"/Users/msierradiego/Proyecto1/App/vendor/dompdf/dompdf/src/Css/Stylesheet.php", "PHP", 0, 0, 0, 0, 1155, 0, 0, 0, 0, 0, 486, 254, 1895
"/Users/msierradiego/Proyecto1/App/vendor/dompdf/dompdf/src/Dompdf.php", "PHP", 0, 0, 0, 0, 742, 0, 0, 0, 0, 0, 614, 190, 1546
"/Users/msierradiego/Proyecto1/App/vendor/dompdf/dompdf/src/Exception.php", "PHP", 0, 0, 0, 0, 9, 0, 0, 0, 0, 0, 16, 3, 28
"/Users/msierradiego/Proyecto1/App/vendor/dompdf/dompdf/src/Exception/ImageException.php", "PHP", 0, 0, 0, 0, 10, 0, 0, 0, 0, 0, 16, 5, 31
"/Users/msierradiego/Proyecto1/App/vendor/dompdf/dompdf/src/FontMetrics.php", "PHP", 0, 0, 0, 0, 385, 0, 0, 0, 0, 0, 233, 96, 714
"/Users/msierradiego/Proyecto1/App/vendor/dompdf/dompdf/src/Frame.php", "PHP", 0, 0, 0, 0, 694, 0, 0, 0, 0, 0, 358, 187, 1239
"/Users/msierradiego/Proyecto1/App/vendor/dompdf/dompdf/src/Frame/Factory.php", "PHP", 0, 0, 0, 0, 172, 0, 0, 0, 0, 0, 51, 40, 263
"/Users/msierradiego/Proyecto1/App/vendor/dompdf/dompdf/src/Frame/FrameListIterator.php", "PHP", 0, 0, 0, 0, 49, 0, 0, 0, 0, 0, 39, 13, 101
"/Users/msierradiego/Proyecto1/App/vendor/dompdf/dompdf/src/Frame/FrameTree.php", "PHP", 0, 0, 0, 0, 173, 0, 0, 0, 0, 0, 118, 34, 325
"/Users/msierradiego/Proyecto1/App/vendor/dompdf/dompdf/src/Frame/FrameTreeIterator.php", "PHP", 0, 0, 0, 0, 43, 0, 0, 0, 0, 0, 34, 12, 89
"/Users/msierradiego/Proyecto1/App/vendor/dompdf/dompdf/src/FrameDecorator/AbstractFrameDecorator.php", "PHP", 0, 0, 0, 0, 546, 0, 0, 0, 0, 0, 232, 148, 926
"/Users/msierradiego/Proyecto1/App/vendor/dompdf/dompdf/src/FrameDecorator/Block.php", "PHP", 0, 0, 0, 0, 136, 0, 0, 0, 0, 0, 84, 37, 257
"/Users/msierradiego/Proyecto1/App/vendor/dompdf/dompdf/src/FrameDecorator/Image.php", "PHP", 0, 0, 0, 0, 56, 0, 0, 0, 0, 0, 48, 17, 121
"/Users/msierradiego/Proyecto1/App/vendor/dompdf/dompdf/src/FrameDecorator/Inline.php", "PHP", 0, 0, 0, 0, 67, 0, 0, 0, 0, 0, 36, 19, 122
"/Users/msierradiego/Proyecto1/App/vendor/dompdf/dompdf/src/FrameDecorator/ListBullet.php", "PHP", 0, 0, 0, 0, 50, 0, 0, 0, 0, 0, 48, 20, 118
"/Users/msierradiego/Proyecto1/App/vendor/dompdf/dompdf/src/FrameDecorator/ListBulletImage.php", "PHP", 0, 0, 0, 0, 56, 0, 0, 0, 0, 0, 40, 16, 112
"/Users/msierradiego/Proyecto1/App/vendor/dompdf/dompdf/src/FrameDecorator/NullFrameDecorator.php", "PHP", 0, 0, 0, 0, 16, 0, 0, 0, 0, 0, 15, 3, 34
"/Users/msierradiego/Proyecto1/App/vendor/dompdf/dompdf/src/FrameDecorator/Page.php", "PHP", 0, 0, 0, 0, 407, 0, 0, 0, 0, 0, 237, 124, 768
"/Users/msierradiego/Proyecto1/App/vendor/dompdf/dompdf/src/FrameDecorator/Table.php", "PHP", 0, 0, 0, 0, 194, 0, 0, 0, 0, 0, 91, 60, 345
"/Users/msierradiego/Proyecto1/App/vendor/dompdf/dompdf/src/FrameDecorator/TableCell.php", "PHP", 0, 0, 0, 0, 66, 0, 0, 0, 0, 0, 31, 15, 112
"/Users/msierradiego/Proyecto1/App/vendor/dompdf/dompdf/src/FrameDecorator/TableRow.php", "PHP", 0, 0, 0, 0, 11, 0, 0, 0, 0, 0, 15, 3, 29
"/Users/msierradiego/Proyecto1/App/vendor/dompdf/dompdf/src/FrameDecorator/TableRowGroup.php", "PHP", 0, 0, 0, 0, 37, 0, 0, 0, 0, 0, 27, 11, 75
"/Users/msierradiego/Proyecto1/App/vendor/dompdf/dompdf/src/FrameDecorator/Text.php", "PHP", 0, 0, 0, 0, 140, 0, 0, 0, 0, 0, 102, 38, 280
"/Users/msierradiego/Proyecto1/App/vendor/dompdf/dompdf/src/FrameReflower/AbstractFrameReflower.php", "PHP", 0, 0, 0, 0, 363, 0, 0, 0, 0, 0, 160, 85, 608
"/Users/msierradiego/Proyecto1/App/vendor/dompdf/dompdf/src/FrameReflower/Block.php", "PHP", 0, 0, 0, 0, 642, 0, 0, 0, 0, 0, 161, 146, 949
"/Users/msierradiego/Proyecto1/App/vendor/dompdf/dompdf/src/FrameReflower/Image.php", "PHP", 0, 0, 0, 0, 129, 0, 0, 0, 0, 0, 55, 30, 214
"/Users/msierradiego/Proyecto1/App/vendor/dompdf/dompdf/src/FrameReflower/Inline.php", "PHP", 0, 0, 0, 0, 114, 0, 0, 0, 0, 0, 48, 30, 192
"/Users/msierradiego/Proyecto1/App/vendor/dompdf/dompdf/src/FrameReflower/ListBullet.php", "PHP", 0, 0, 0, 0, 26, 0, 0, 0, 0, 0, 18, 8, 52
"/Users/msierradiego/Proyecto1/App/vendor/dompdf/dompdf/src/FrameReflower/NullFrameReflower.php", "PHP", 0, 0, 0, 0, 15, 0, 0, 0, 0, 0, 17, 6, 38
"/Users/msierradiego/Proyecto1/App/vendor/dompdf/dompdf/src/FrameReflower/Page.php", "PHP", 0, 0, 0, 0, 109, 0, 0, 0, 0, 0, 55, 35, 199
"/Users/msierradiego/Proyecto1/App/vendor/dompdf/dompdf/src/FrameReflower/Table.php", "PHP", 0, 0, 0, 0, 326, 0, 0, 0, 0, 0, 103, 95, 524
"/Users/msierradiego/Proyecto1/App/vendor/dompdf/dompdf/src/FrameReflower/TableCell.php", "PHP", 0, 0, 0, 0, 102, 0, 0, 0, 0, 0, 31, 33, 166
"/Users/msierradiego/Proyecto1/App/vendor/dompdf/dompdf/src/FrameReflower/TableRow.php", "PHP", 0, 0, 0, 0, 48, 0, 0, 0, 0, 0, 24, 15, 87
"/Users/msierradiego/Proyecto1/App/vendor/dompdf/dompdf/src/FrameReflower/TableRowGroup.php", "PHP", 0, 0, 0, 0, 45, 0, 0, 0, 0, 0, 22, 15, 82
"/Users/msierradiego/Proyecto1/App/vendor/dompdf/dompdf/src/FrameReflower/Text.php", "PHP", 0, 0, 0, 0, 365, 0, 0, 0, 0, 0, 147, 90, 602
"/Users/msierradiego/Proyecto1/App/vendor/dompdf/dompdf/src/Helpers.php", "PHP", 0, 0, 0, 0, 829, 0, 0, 0, 0, 0, 286, 139, 1254
"/Users/msierradiego/Proyecto1/App/vendor/dompdf/dompdf/src/Image/Cache.php", "PHP", 0, 0, 0, 0, 195, 0, 0, 0, 0, 0, 62, 36, 293
"/Users/msierradiego/Proyecto1/App/vendor/dompdf/dompdf/src/JavascriptEmbedder.php", "PHP", 0, 0, 0, 0, 21, 0, 0, 0, 0, 0, 24, 7, 52
"/Users/msierradiego/Proyecto1/App/vendor/dompdf/dompdf/src/LineBox.php", "PHP", 0, 0, 0, 0, 220, 0, 0, 0, 0, 0, 116, 72, 408
"/Users/msierradiego/Proyecto1/App/vendor/dompdf/dompdf/src/Options.php", "PHP", 0, 0, 0, 0, 556, 0, 0, 0, 0, 0, 542, 134, 1232
"/Users/msierradiego/Proyecto1/App/vendor/dompdf/dompdf/src/PhpEvaluator.php", "PHP", 0, 0, 0, 0, 28, 0, 0, 0, 0, 0, 26, 9, 63
"/Users/msierradiego/Proyecto1/App/vendor/dompdf/dompdf/src/Positioner/Absolute.php", "PHP", 0, 0, 0, 0, 74, 0, 0, 0, 0, 0, 41, 14, 129
"/Users/msierradiego/Proyecto1/App/vendor/dompdf/dompdf/src/Positioner/AbstractPositioner.php", "PHP", 0, 0, 0, 0, 21, 0, 0, 0, 0, 0, 21, 7, 49
"/Users/msierradiego/Proyecto1/App/vendor/dompdf/dompdf/src/Positioner/Block.php", "PHP", 0, 0, 0, 0, 23, 0, 0, 0, 0, 0, 10, 8, 41
"/Users/msierradiego/Proyecto1/App/vendor/dompdf/dompdf/src/Positioner/Fixed.php", "PHP", 0, 0, 0, 0, 66, 0, 0, 0, 0, 0, 16, 11, 93
"/Users/msierradiego/Proyecto1/App/vendor/dompdf/dompdf/src/Positioner/Inline.php", "PHP", 0, 0, 0, 0, 28, 0, 0, 0, 0, 0, 20, 9, 57
"/Users/msierradiego/Proyecto1/App/vendor/dompdf/dompdf/src/Positioner/ListBullet.php", "PHP", 0, 0, 0, 0, 19, 0, 0, 0, 0, 0, 18, 6, 43
"/Users/msierradiego/Proyecto1/App/vendor/dompdf/dompdf/src/Positioner/NullPositioner.php", "PHP", 0, 0, 0, 0, 10, 0, 0, 0, 0, 0, 13, 4, 27
"/Users/msierradiego/Proyecto1/App/vendor/dompdf/dompdf/src/Positioner/TableCell.php", "PHP", 0, 0, 0, 0, 17, 0, 0, 0, 0, 0, 13, 4, 34
"/Users/msierradiego/Proyecto1/App/vendor/dompdf/dompdf/src/Positioner/TableRow.php", "PHP", 0, 0, 0, 0, 17, 0, 0, 0, 0, 0, 13, 5, 35
"/Users/msierradiego/Proyecto1/App/vendor/dompdf/dompdf/src/Renderer.php", "PHP", 0, 0, 0, 0, 193, 0, 0, 0, 0, 0, 56, 59, 308
"/Users/msierradiego/Proyecto1/App/vendor/dompdf/dompdf/src/Renderer/AbstractRenderer.php", "PHP", 0, 0, 0, 0, 818, 0, 0, 0, 0, 0, 302, 179, 1299
"/Users/msierradiego/Proyecto1/App/vendor/dompdf/dompdf/src/Renderer/Block.php", "PHP", 0, 0, 0, 0, 47, 0, 0, 0, 0, 0, 20, 15, 82
"/Users/msierradiego/Proyecto1/App/vendor/dompdf/dompdf/src/Renderer/Image.php", "PHP", 0, 0, 0, 0, 48, 0, 0, 0, 0, 0, 14, 12, 74
"/Users/msierradiego/Proyecto1/App/vendor/dompdf/dompdf/src/Renderer/Inline.php", "PHP", 0, 0, 0, 0, 78, 0, 0, 0, 0, 0, 21, 23, 122
"/Users/msierradiego/Proyecto1/App/vendor/dompdf/dompdf/src/Renderer/ListBullet.php", "PHP", 0, 0, 0, 0, 150, 0, 0, 0, 0, 0, 29, 35, 214
"/Users/msierradiego/Proyecto1/App/vendor/dompdf/dompdf/src/Renderer/TableCell.php", "PHP", 0, 0, 0, 0, 127, 0, 0, 0, 0, 0, 28, 35, 190
"/Users/msierradiego/Proyecto1/App/vendor/dompdf/dompdf/src/Renderer/TableRow.php", "PHP", 0, 0, 0, 0, 16, 0, 0, 0, 0, 0, 17, 8, 41
"/Users/msierradiego/Proyecto1/App/vendor/dompdf/dompdf/src/Renderer/TableRowGroup.php", "PHP", 0, 0, 0, 0, 16, 0, 0, 0, 0, 0, 17, 8, 41
"/Users/msierradiego/Proyecto1/App/vendor/dompdf/dompdf/src/Renderer/Text.php", "PHP", 0, 0, 0, 0, 94, 0, 0, 0, 0, 0, 33, 35, 162
"/Users/msierradiego/Proyecto1/App/vendor/dompdf/php-font-lib/AUTHORS.md", "Markdown", 10, 0, 0, 0, 0, 0, 0, 0, 0, 0, 0, 8, 18
"/Users/msierradiego/Proyecto1/App/vendor/dompdf/php-font-lib/README.md", "Markdown", 40, 0, 0, 0, 0, 0, 0, 0, 0, 0, 0, 11, 51
"/Users/msierradiego/Proyecto1/App/vendor/dompdf/php-font-lib/composer.json", "JSON", 0, 33, 0, 0, 0, 0, 0, 0, 0, 0, 0, 1, 34
"/Users/msierradiego/Proyecto1/App/vendor/dompdf/php-font-lib/src/FontLib/AdobeFontMetrics.php", "PHP", 0, 0, 0, 0, 183, 0, 0, 0, 0, 0, 17, 53, 253
"/Users/msierradiego/Proyecto1/App/vendor/dompdf/php-font-lib/src/FontLib/BinaryStream.php", "PHP", 0, 0, 0, 0, 291, 0, 0, 0, 0, 0, 85, 73, 449
"/Users/msierradiego/Proyecto1/App/vendor/dompdf/php-font-lib/src/FontLib/EOT/File.php", "PHP", 0, 0, 0, 0, 68, 0, 0, 0, 0, 0, 69, 22, 159
"/Users/msierradiego/Proyecto1/App/vendor/dompdf/php-font-lib/src/FontLib/EOT/Header.php", "PHP", 0, 0, 0, 0, 78, 0, 0, 0, 0, 0, 14, 20, 112
"/Users/msierradiego/Proyecto1/App/vendor/dompdf/php-font-lib/src/FontLib/EncodingMap.php", "PHP", 0, 0, 0, 0, 19, 0, 0, 0, 0, 0, 10, 8, 37
"/Users/msierradiego/Proyecto1/App/vendor/dompdf/php-font-lib/src/FontLib/Exception/FontNotFoundException.php", "PHP", 0, 0, 0, 0, 9, 0, 0, 0, 0, 0, 0, 2, 11
"/Users/msierradiego/Proyecto1/App/vendor/dompdf/php-font-lib/src/FontLib/Font.php", "PHP", 0, 0, 0, 0, 53, 0, 0, 0, 0, 0, 17, 19, 89
"/Users/msierradiego/Proyecto1/App/vendor/dompdf/php-font-lib/src/FontLib/Glyph/Outline.php", "PHP", 0, 0, 0, 0, 57, 0, 0, 0, 0, 0, 31, 21, 109
"/Users/msierradiego/Proyecto1/App/vendor/dompdf/php-font-lib/src/FontLib/Glyph/OutlineComponent.php", "PHP", 0, 0, 0, 0, 17, 0, 0, 0, 0, 0, 11, 2, 30
"/Users/msierradiego/Proyecto1/App/vendor/dompdf/php-font-lib/src/FontLib/Glyph/OutlineComposite.php", "PHP", 0, 0, 0, 0, 191, 0, 0, 0, 0, 0, 22, 39, 252
"/Users/msierradiego/Proyecto1/App/vendor/dompdf/php-font-lib/src/FontLib/Glyph/OutlineSimple.php", "PHP", 0, 0, 0, 0, 251, 0, 0, 0, 0, 0, 22, 62, 335
"/Users/msierradiego/Proyecto1/App/vendor/dompdf/php-font-lib/src/FontLib/Header.php", "PHP", 0, 0, 0, 0, 17, 0, 0, 0, 0, 0, 13, 6, 36
"/Users/msierradiego/Proyecto1/App/vendor/dompdf/php-font-lib/src/FontLib/OpenType/File.php", "PHP", 0, 0, 0, 0, 4, 0, 0, 0, 0, 0, 11, 3, 18
"/Users/msierradiego/Proyecto1/App/vendor/dompdf/php-font-lib/src/FontLib/OpenType/TableDirectoryEntry.php", "PHP", 0, 0, 0, 0, 4, 0, 0, 0, 0, 0, 10, 4, 18
"/Users/msierradiego/Proyecto1/App/vendor/dompdf/php-font-lib/src/FontLib/Table/DirectoryEntry.php", "PHP", 0, 0, 0, 0, 73, 0, 0, 0, 0, 0, 28, 29, 130
"/Users/msierradiego/Proyecto1/App/vendor/dompdf/php-font-lib/src/FontLib/Table/Table.php", "PHP", 0, 0, 0, 0, 57, 0, 0, 0, 0, 0, 16, 19, 92
"/Users/msierradiego/Proyecto1/App/vendor/dompdf/php-font-lib/src/FontLib/Table/Type/cmap.php", "PHP", 0, 0, 0, 0, 292, 0, 0, 0, 0, 0, 14, 75, 381
"/Users/msierradiego/Proyecto1/App/vendor/dompdf/php-font-lib/src/FontLib/Table/Type/cvt.php", "PHP", 0, 0, 0, 0, 14, 0, 0, 0, 0, 0, 10, 2, 26
"/Users/msierradiego/Proyecto1/App/vendor/dompdf/php-font-lib/src/FontLib/Table/Type/fpgm.php", "PHP", 0, 0, 0, 0, 14, 0, 0, 0, 0, 0, 10, 2, 26
"/Users/msierradiego/Proyecto1/App/vendor/dompdf/php-font-lib/src/FontLib/Table/Type/glyf.php", "PHP", 0, 0, 0, 0, 119, 0, 0, 0, 0, 0, 11, 35, 165
"/Users/msierradiego/Proyecto1/App/vendor/dompdf/php-font-lib/src/FontLib/Table/Type/head.php", "PHP", 0, 0, 0, 0, 35, 0, 0, 0, 0, 0, 10, 5, 50
"/Users/msierradiego/Proyecto1/App/vendor/dompdf/php-font-lib/src/FontLib/Table/Type/hhea.php", "PHP", 0, 0, 0, 0, 29, 0, 0, 0, 0, 0, 10, 4, 43
"/Users/msierradiego/Proyecto1/App/vendor/dompdf/php-font-lib/src/FontLib/Table/Type/hmtx.php", "PHP", 0, 0, 0, 0, 43, 0, 0, 0, 0, 0, 10, 11, 64
"/Users/msierradiego/Proyecto1/App/vendor/dompdf/php-font-lib/src/FontLib/Table/Type/kern.php", "PHP", 0, 0, 0, 0, 51, 0, 0, 0, 0, 0, 12, 16, 79
"/Users/msierradiego/Proyecto1/App/vendor/dompdf/php-font-lib/src/FontLib/Table/Type/loca.php", "PHP", 0, 0, 0, 0, 50, 0, 0, 0, 0, 0, 14, 15, 79
"/Users/msierradiego/Proyecto1/App/vendor/dompdf/php-font-lib/src/FontLib/Table/Type/maxp.php", "PHP", 0, 0, 0, 0, 27, 0, 0, 0, 0, 0, 10, 4, 41
"/Users/msierradiego/Proyecto1/App/vendor/dompdf/php-font-lib/src/FontLib/Table/Type/name.php", "PHP", 0, 0, 0, 0, 192, 0, 0, 0, 0, 0, 20, 30, 242
"/Users/msierradiego/Proyecto1/App/vendor/dompdf/php-font-lib/src/FontLib/Table/Type/nameRecord.php", "PHP", 0, 0, 0, 0, 36, 0, 0, 0, 0, 0, 10, 7, 53
"/Users/msierradiego/Proyecto1/App/vendor/dompdf/php-font-lib/src/FontLib/Table/Type/os2.php", "PHP", 0, 0, 0, 0, 34, 0, 0, 0, 0, 0, 10, 2, 46
"/Users/msierradiego/Proyecto1/App/vendor/dompdf/php-font-lib/src/FontLib/Table/Type/post.php", "PHP", 0, 0, 0, 0, 62, 0, 0, 0, 0, 0, 61, 19, 142
"/Users/msierradiego/Proyecto1/App/vendor/dompdf/php-font-lib/src/FontLib/Table/Type/prep.php", "PHP", 0, 0, 0, 0, 15, 0, 0, 0, 0, 0, 10, 5, 30
"/Users/msierradiego/Proyecto1/App/vendor/dompdf/php-font-lib/src/FontLib/TrueType/Collection.php", "PHP", 0, 0, 0, 0, 57, 0, 0, 0, 0, 0, 21, 22, 100
"/Users/msierradiego/Proyecto1/App/vendor/dompdf/php-font-lib/src/FontLib/TrueType/File.php", "PHP", 0, 0, 0, 0, 427, 0, 0, 0, 0, 0, 77, 87, 591
"/Users/msierradiego/Proyecto1/App/vendor/dompdf/php-font-lib/src/FontLib/TrueType/Header.php", "PHP", 0, 0, 0, 0, 16, 0, 0, 0, 0, 0, 10, 4, 30
"/Users/msierradiego/Proyecto1/App/vendor/dompdf/php-font-lib/src/FontLib/TrueType/TableDirectoryEntry.php", "PHP", 0, 0, 0, 0, 16, 0, 0, 0, 0, 0, 10, 7, 33
"/Users/msierradiego/Proyecto1/App/vendor/dompdf/php-font-lib/src/FontLib/WOFF/File.php", "PHP", 0, 0, 0, 0, 46, 0, 0, 0, 0, 0, 18, 17, 81
"/Users/msierradiego/Proyecto1/App/vendor/dompdf/php-font-lib/src/FontLib/WOFF/Header.php", "PHP", 0, 0, 0, 0, 19, 0, 0, 0, 0, 0, 10, 2, 31
"/Users/msierradiego/Proyecto1/App/vendor/dompdf/php-font-lib/src/FontLib/WOFF/TableDirectoryEntry.php", "PHP", 0, 0, 0, 0, 17, 0, 0, 0, 0, 0, 10, 7, 34
"/Users/msierradiego/Proyecto1/App/vendor/dompdf/php-svg-lib/AUTHORS.md", "Markdown", 10, 0, 0, 0, 0, 0, 0, 0, 0, 0, 0, 7, 17
"/Users/msierradiego/Proyecto1/App/vendor/dompdf/php-svg-lib/README.md", "Markdown", 8, 0, 0, 0, 0, 0, 0, 0, 0, 0, 0, 5, 13
"/Users/msierradiego/Proyecto1/App/vendor/dompdf/php-svg-lib/composer.json", "JSON", 0, 31, 0, 0, 0, 0, 0, 0, 0, 0, 0, 1, 32
"/Users/msierradiego/Proyecto1/App/vendor/dompdf/php-svg-lib/src/Svg/CssLength.php", "PHP", 0, 0, 0, 0, 72, 0, 0, 0, 0, 0, 48, 15, 135
"/Users/msierradiego/Proyecto1/App/vendor/dompdf/php-svg-lib/src/Svg/DefaultStyle.php", "PHP", 0, 0, 0, 0, 19, 0, 0, 0, 0, 0, 5, 5, 29
"/Users/msierradiego/Proyecto1/App/vendor/dompdf/php-svg-lib/src/Svg/Document.php", "PHP", 0, 0, 0, 0, 325, 0, 0, 0, 0, 0, 34, 86, 445
"/Users/msierradiego/Proyecto1/App/vendor/dompdf/php-svg-lib/src/Svg/Gradient/Stop.php", "PHP", 0, 0, 0, 0, 8, 0, 0, 0, 0, 0, 5, 3, 16
"/Users/msierradiego/Proyecto1/App/vendor/dompdf/php-svg-lib/src/Svg/Style.php", "PHP", 0, 0, 0, 0, 465, 0, 0, 0, 0, 0, 32, 68, 565
"/Users/msierradiego/Proyecto1/App/vendor/dompdf/php-svg-lib/src/Svg/Surface/CPdf.php", "PHP", 0, 0, 0, 0, 3890, 0, 0, 0, 0, 0, 1599, 923, 6412
"/Users/msierradiego/Proyecto1/App/vendor/dompdf/php-svg-lib/src/Svg/Surface/SurfaceCpdf.php", "PHP", 0, 0, 0, 0, 367, 0, 0, 0, 0, 0, 23, 105, 495
"/Users/msierradiego/Proyecto1/App/vendor/dompdf/php-svg-lib/src/Svg/Surface/SurfaceInterface.php", "PHP", 0, 0, 0, 0, 37, 0, 0, 0, 0, 0, 19, 34, 90
"/Users/msierradiego/Proyecto1/App/vendor/dompdf/php-svg-lib/src/Svg/Surface/SurfacePDFLib.php", "PHP", 0, 0, 0, 0, 318, 0, 0, 0, 0, 0, 25, 87, 430
"/Users/msierradiego/Proyecto1/App/vendor/dompdf/php-svg-lib/src/Svg/Tag/AbstractTag.php", "PHP", 0, 0, 0, 0, 211, 0, 0, 0, 0, 0, 55, 61, 327
"/Users/msierradiego/Proyecto1/App/vendor/dompdf/php-svg-lib/src/Svg/Tag/Anchor.php", "PHP", 0, 0, 0, 0, 5, 0, 0, 0, 0, 0, 5, 4, 14
"/Users/msierradiego/Proyecto1/App/vendor/dompdf/php-svg-lib/src/Svg/Tag/Circle.php", "PHP", 0, 0, 0, 0, 25, 0, 0, 0, 0, 0, 5, 6, 36
"/Users/msierradiego/Proyecto1/App/vendor/dompdf/php-svg-lib/src/Svg/Tag/ClipPath.php", "PHP", 0, 0, 0, 0, 19, 0, 0, 0, 0, 0, 5, 9, 33
"/Users/msierradiego/Proyecto1/App/vendor/dompdf/php-svg-lib/src/Svg/Tag/Ellipse.php", "PHP", 0, 0, 0, 0, 29, 0, 0, 0, 0, 0, 5, 8, 42
"/Users/msierradiego/Proyecto1/App/vendor/dompdf/php-svg-lib/src/Svg/Tag/Group.php", "PHP", 0, 0, 0, 0, 19, 0, 0, 0, 0, 0, 5, 9, 33
"/Users/msierradiego/Proyecto1/App/vendor/dompdf/php-svg-lib/src/Svg/Tag/Image.php", "PHP", 0, 0, 0, 0, 55, 0, 0, 0, 0, 0, 5, 16, 76
"/Users/msierradiego/Proyecto1/App/vendor/dompdf/php-svg-lib/src/Svg/Tag/Line.php", "PHP", 0, 0, 0, 0, 30, 0, 0, 0, 0, 0, 5, 8, 43
"/Users/msierradiego/Proyecto1/App/vendor/dompdf/php-svg-lib/src/Svg/Tag/LinearGradient.php", "PHP", 0, 0, 0, 0, 59, 0, 0, 0, 0, 0, 8, 16, 83
"/Users/msierradiego/Proyecto1/App/vendor/dompdf/php-svg-lib/src/Svg/Tag/Path.php", "PHP", 0, 0, 0, 0, 476, 0, 0, 0, 0, 0, 30, 75, 581
"/Users/msierradiego/Proyecto1/App/vendor/dompdf/php-svg-lib/src/Svg/Tag/Polygon.php", "PHP", 0, 0, 0, 0, 27, 0, 0, 0, 0, 0, 7, 8, 42
"/Users/msierradiego/Proyecto1/App/vendor/dompdf/php-svg-lib/src/Svg/Tag/Polyline.php", "PHP", 0, 0, 0, 0, 26, 0, 0, 0, 0, 0, 7, 7, 40
"/Users/msierradiego/Proyecto1/App/vendor/dompdf/php-svg-lib/src/Svg/Tag/RadialGradient.php", "PHP", 0, 0, 0, 0, 8, 0, 0, 0, 0, 0, 5, 4, 17
"/Users/msierradiego/Proyecto1/App/vendor/dompdf/php-svg-lib/src/Svg/Tag/Rect.php", "PHP", 0, 0, 0, 0, 36, 0, 0, 0, 0, 0, 5, 9, 50
"/Users/msierradiego/Proyecto1/App/vendor/dompdf/php-svg-lib/src/Svg/Tag/Shape.php", "PHP", 0, 0, 0, 0, 38, 0, 0, 0, 0, 0, 11, 13, 62
"/Users/msierradiego/Proyecto1/App/vendor/dompdf/php-svg-lib/src/Svg/Tag/Stop.php", "PHP", 0, 0, 0, 0, 8, 0, 0, 0, 0, 0, 5, 4, 17
"/Users/msierradiego/Proyecto1/App/vendor/dompdf/php-svg-lib/src/Svg/Tag/StyleTag.php", "PHP", 0, 0, 0, 0, 16, 0, 0, 0, 0, 0, 5, 6, 27
"/Users/msierradiego/Proyecto1/App/vendor/dompdf/php-svg-lib/src/Svg/Tag/Symbol.php", "PHP", 0, 0, 0, 0, 20, 0, 0, 0, 0, 0, 5, 8, 33
"/Users/msierradiego/Proyecto1/App/vendor/dompdf/php-svg-lib/src/Svg/Tag/Text.php", "PHP", 0, 0, 0, 0, 53, 0, 0, 0, 0, 0, 5, 14, 72
"/Users/msierradiego/Proyecto1/App/vendor/dompdf/php-svg-lib/src/Svg/Tag/UseTag.php", "PHP", 0, 0, 0, 0, 100, 0, 0, 0, 0, 0, 8, 24, 132
"/Users/msierradiego/Proyecto1/App/vendor/league/plates/.github/workflows/docs.yml", "YAML", 0, 0, 21, 0, 0, 0, 0, 0, 0, 0, 0, 5, 26
"/Users/msierradiego/Proyecto1/App/vendor/league/plates/.github/workflows/php.yml", "YAML", 0, 0, 25, 0, 0, 0, 0, 0, 0, 0, 0, 5, 30
"/Users/msierradiego/Proyecto1/App/vendor/league/plates/CONTRIBUTING.md", "Markdown", 19, 0, 0, 0, 0, 0, 0, 0, 0, 0, 0, 10, 29
"/Users/msierradiego/Proyecto1/App/vendor/league/plates/README.md", "Markdown", 44, 0, 0, 0, 0, 0, 0, 0, 0, 0, 0, 20, 64
"/Users/msierradiego/Proyecto1/App/vendor/league/plates/composer.json", "JSON", 0, 52, 0, 0, 0, 0, 0, 0, 0, 0, 0, 1, 53
"/Users/msierradiego/Proyecto1/App/vendor/league/plates/composer.lock", "JSON", 0, 1785, 0, 0, 0, 0, 0, 0, 0, 0, 0, 1, 1786
"/Users/msierradiego/Proyecto1/App/vendor/league/plates/doc/content/_index.md", "Markdown", 31, 0, 0, 0, 0, 0, 0, 0, 0, 0, 0, 8, 39
"/Users/msierradiego/Proyecto1/App/vendor/league/plates/doc/content/engine/_index.md", "Markdown", 6, 0, 0, 0, 0, 0, 0, 0, 0, 0, 0, 0, 6
"/Users/msierradiego/Proyecto1/App/vendor/league/plates/doc/content/engine/extensions.md", "Markdown", 90, 0, 0, 0, 0, 0, 0, 0, 0, 0, 0, 30, 120
"/Users/msierradiego/Proyecto1/App/vendor/league/plates/doc/content/engine/file-extensions.md", "Markdown", 26, 0, 0, 0, 0, 0, 0, 0, 0, 0, 0, 9, 35
"/Users/msierradiego/Proyecto1/App/vendor/league/plates/doc/content/engine/folders.md", "Markdown", 35, 0, 0, 0, 0, 0, 0, 0, 0, 0, 0, 14, 49
"/Users/msierradiego/Proyecto1/App/vendor/league/plates/doc/content/engine/functions.md", "Markdown", 25, 0, 0, 0, 0, 0, 0, 0, 0, 0, 0, 9, 34
"/Users/msierradiego/Proyecto1/App/vendor/league/plates/doc/content/engine/overview.md", "Markdown", 43, 0, 0, 0, 0, 0, 0, 0, 0, 0, 0, 14, 57
"/Users/msierradiego/Proyecto1/App/vendor/league/plates/doc/content/engine/themes.md", "Markdown", 50, 0, 0, 0, 0, 0, 0, 0, 0, 0, 0, 19, 69
"/Users/msierradiego/Proyecto1/App/vendor/league/plates/doc/content/extensions/_index.md", "Markdown", 6, 0, 0, 0, 0, 0, 0, 0, 0, 0, 0, 0, 6
"/Users/msierradiego/Proyecto1/App/vendor/league/plates/doc/content/extensions/asset.md", "Markdown", 42, 0, 0, 0, 0, 0, 0, 0, 0, 0, 0, 16, 58
"/Users/msierradiego/Proyecto1/App/vendor/league/plates/doc/content/extensions/community.md", "Markdown", 12, 0, 0, 0, 0, 0, 0, 0, 0, 0, 0, 3, 15
"/Users/msierradiego/Proyecto1/App/vendor/league/plates/doc/content/extensions/uri.md", "Markdown", 57, 0, 0, 0, 0, 0, 0, 0, 0, 0, 0, 24, 81
"/Users/msierradiego/Proyecto1/App/vendor/league/plates/doc/content/getting-started/_index.md", "Markdown", 6, 0, 0, 0, 0, 0, 0, 0, 0, 0, 0, 0, 6
"/Users/msierradiego/Proyecto1/App/vendor/league/plates/doc/content/getting-started/installation.md", "Markdown", 25, 0, 0, 0, 0, 0, 0, 0, 0, 0, 0, 8, 33
"/Users/msierradiego/Proyecto1/App/vendor/league/plates/doc/content/getting-started/simple-example.md", "Markdown", 40, 0, 0, 0, 0, 0, 0, 0, 0, 0, 0, 10, 50
"/Users/msierradiego/Proyecto1/App/vendor/league/plates/doc/content/templates/_index.md", "Markdown", 6, 0, 0, 0, 0, 0, 0, 0, 0, 0, 0, 0, 6
"/Users/msierradiego/Proyecto1/App/vendor/league/plates/doc/content/templates/data.md", "Markdown", 41, 0, 0, 0, 0, 0, 0, 0, 0, 0, 0, 20, 61
"/Users/msierradiego/Proyecto1/App/vendor/league/plates/doc/content/templates/escaping.md", "Markdown", 29, 0, 0, 0, 0, 0, 0, 0, 0, 0, 4, 17, 50
"/Users/msierradiego/Proyecto1/App/vendor/league/plates/doc/content/templates/functions.md", "Markdown", 28, 0, 0, 0, 0, 0, 0, 0, 0, 0, 4, 15, 47
"/Users/msierradiego/Proyecto1/App/vendor/league/plates/doc/content/templates/inheritance.md", "Markdown", 49, 0, 0, 0, 0, 0, 0, 0, 0, 0, 0, 15, 64
"/Users/msierradiego/Proyecto1/App/vendor/league/plates/doc/content/templates/layouts.md", "Markdown", 73, 0, 0, 0, 0, 0, 0, 0, 0, 0, 0, 32, 105
"/Users/msierradiego/Proyecto1/App/vendor/league/plates/doc/content/templates/nesting.md", "Markdown", 29, 0, 0, 0, 0, 0, 0, 0, 0, 0, 0, 15, 44
"/Users/msierradiego/Proyecto1/App/vendor/league/plates/doc/content/templates/overview.md", "Markdown", 51, 0, 0, 0, 0, 0, 0, 0, 0, 0, 0, 22, 73
"/Users/msierradiego/Proyecto1/App/vendor/league/plates/doc/content/templates/sections.md", "Markdown", 59, 0, 0, 0, 0, 0, 0, 0, 0, 0, 0, 25, 84
"/Users/msierradiego/Proyecto1/App/vendor/league/plates/doc/content/templates/syntax.md", "Markdown", 40, 0, 0, 0, 0, 0, 0, 0, 0, 0, 0, 10, 50
"/Users/msierradiego/Proyecto1/App/vendor/league/plates/doc/layouts/_default/baseof.html", "HTML", 0, 0, 0, 0, 0, 0, 99, 0, 0, 0, 1, 8, 108
"/Users/msierradiego/Proyecto1/App/vendor/league/plates/doc/layouts/_default/list.html", "HTML", 0, 0, 0, 0, 0, 0, 4, 0, 0, 0, 0, 0, 4
"/Users/msierradiego/Proyecto1/App/vendor/league/plates/doc/layouts/_default/single.html", "HTML", 0, 0, 0, 0, 0, 0, 4, 0, 0, 0, 0, 0, 4
"/Users/msierradiego/Proyecto1/App/vendor/league/plates/doc/layouts/partials/title.html", "HTML", 0, 0, 0, 0, 0, 0, 9, 0, 0, 0, 0, 2, 11
"/Users/msierradiego/Proyecto1/App/vendor/league/plates/doc/layouts/shortcodes/code-filename.html", "HTML", 0, 0, 0, 0, 0, 0, 1, 0, 0, 0, 0, 0, 1
"/Users/msierradiego/Proyecto1/App/vendor/league/plates/doc/layouts/shortcodes/html.html", "HTML", 0, 0, 0, 0, 0, 0, 2, 0, 0, 0, 1, 0, 3
"/Users/msierradiego/Proyecto1/App/vendor/league/plates/doc/static/css/custom.css", "PostCSS", 0, 0, 0, 0, 0, 24, 0, 0, 0, 0, 0, 3, 27
"/Users/msierradiego/Proyecto1/App/vendor/league/plates/example/example.php", "PHP", 0, 0, 0, 0, 5, 0, 0, 0, 0, 0, 3, 5, 13
"/Users/msierradiego/Proyecto1/App/vendor/league/plates/example/templates/layout.php", "PHP", 0, 0, 0, 0, 9, 0, 0, 0, 0, 0, 0, 3, 12
"/Users/msierradiego/Proyecto1/App/vendor/league/plates/example/templates/profile.php", "PHP", 0, 0, 0, 0, 8, 0, 0, 0, 0, 0, 1, 3, 12
"/Users/msierradiego/Proyecto1/App/vendor/league/plates/example/templates/sidebar.php", "PHP", 0, 0, 0, 0, 6, 0, 0, 0, 0, 0, 0, 0, 6
"/Users/msierradiego/Proyecto1/App/vendor/league/plates/src/Engine.php", "PHP", 0, 0, 0, 0, 136, 0, 0, 0, 0, 0, 127, 44, 307
"/Users/msierradiego/Proyecto1/App/vendor/league/plates/src/Exception/TemplateNotFound.php", "PHP", 0, 0, 0, 0, 18, 0, 0, 0, 0, 0, 0, 6, 24
"/Users/msierradiego/Proyecto1/App/vendor/league/plates/src/Extension/Asset.php", "PHP", 0, 0, 0, 0, 42, 0, 0, 0, 0, 0, 30, 14, 86
"/Users/msierradiego/Proyecto1/App/vendor/league/plates/src/Extension/ExtensionInterface.php", "PHP", 0, 0, 0, 0, 7, 0, 0, 0, 0, 0, 3, 4, 14
"/Users/msierradiego/Proyecto1/App/vendor/league/plates/src/Extension/URI.php", "PHP", 0, 0, 0, 0, 50, 0, 0, 0, 0, 0, 47, 17, 114
"/Users/msierradiego/Proyecto1/App/vendor/league/plates/src/Template/Data.php", "PHP", 0, 0, 0, 0, 46, 0, 0, 0, 0, 0, 33, 15, 94
"/Users/msierradiego/Proyecto1/App/vendor/league/plates/src/Template/Directory.php", "PHP", 0, 0, 0, 0, 25, 0, 0, 0, 0, 0, 20, 9, 54
"/Users/msierradiego/Proyecto1/App/vendor/league/plates/src/Template/FileExtension.php", "PHP", 0, 0, 0, 0, 19, 0, 0, 0, 0, 0, 20, 7, 46
"/Users/msierradiego/Proyecto1/App/vendor/league/plates/src/Template/Folder.php", "PHP", 0, 0, 0, 0, 45, 0, 0, 0, 0, 0, 48, 17, 110
"/Users/msierradiego/Proyecto1/App/vendor/league/plates/src/Template/Folders.php", "PHP", 0, 0, 0, 0, 34, 0, 0, 0, 0, 0, 29, 13, 76
"/Users/msierradiego/Proyecto1/App/vendor/league/plates/src/Template/Func.php", "PHP", 0, 0, 0, 0, 54, 0, 0, 0, 0, 0, 40, 16, 110
"/Users/msierradiego/Proyecto1/App/vendor/league/plates/src/Template/Functions.php", "PHP", 0, 0, 0, 0, 38, 0, 0, 0, 0, 0, 28, 13, 79
"/Users/msierradiego/Proyecto1/App/vendor/league/plates/src/Template/Name.php", "PHP", 0, 0, 0, 0, 103, 0, 0, 0, 0, 0, 72, 32, 207
"/Users/msierradiego/Proyecto1/App/vendor/league/plates/src/Template/ResolveTemplatePath.php", "PHP", 0, 0, 0, 0, 7, 0, 0, 0, 0, 0, 3, 4, 14
"/Users/msierradiego/Proyecto1/App/vendor/league/plates/src/Template/ResolveTemplatePath/NameAndFolderResolveTemplatePath.php", "PHP", 0, 0, 0, 0, 15, 0, 0, 0, 0, 0, 1, 5, 21
"/Users/msierradiego/Proyecto1/App/vendor/league/plates/src/Template/ResolveTemplatePath/ThemeResolveTemplatePath.php", "PHP", 0, 0, 0, 0, 35, 0, 0, 0, 0, 0, 0, 7, 42
"/Users/msierradiego/Proyecto1/App/vendor/league/plates/src/Template/Template.php", "PHP", 0, 0, 0, 0, 189, 0, 0, 0, 0, 0, 142, 54, 385
"/Users/msierradiego/Proyecto1/App/vendor/league/plates/src/Template/Theme.php", "PHP", 0, 0, 0, 0, 58, 0, 0, 0, 0, 0, 9, 14, 81
"/Users/msierradiego/Proyecto1/App/vendor/masterminds/html5/README.md", "Markdown", 207, 0, 0, 0, 0, 0, 0, 0, 0, 0, 0, 64, 271
"/Users/msierradiego/Proyecto1/App/vendor/masterminds/html5/RELEASE.md", "Markdown", 115, 0, 0, 0, 0, 0, 0, 0, 0, 0, 0, 43, 158
"/Users/msierradiego/Proyecto1/App/vendor/masterminds/html5/UPGRADING.md", "Markdown", 12, 0, 0, 0, 0, 0, 0, 0, 0, 0, 0, 10, 22
"/Users/msierradiego/Proyecto1/App/vendor/masterminds/html5/bin/entities.php", "PHP", 0, 0, 0, 0, 16, 0, 0, 0, 0, 0, 6, 5, 27
"/Users/msierradiego/Proyecto1/App/vendor/masterminds/html5/composer.json", "JSON", 0, 40, 0, 0, 0, 0, 0, 0, 0, 0, 0, 1, 41
"/Users/msierradiego/Proyecto1/App/vendor/masterminds/html5/src/HTML5.php", "PHP", 0, 0, 0, 0, 97, 0, 0, 0, 0, 0, 122, 27, 246
"/Users/msierradiego/Proyecto1/App/vendor/masterminds/html5/src/HTML5/Elements.php", "PHP", 0, 0, 0, 0, 427, 0, 0, 0, 0, 0, 180, 31, 638
"/Users/msierradiego/Proyecto1/App/vendor/masterminds/html5/src/HTML5/Entities.php", "PHP", 0, 0, 0, 0, 2230, 0, 0, 0, 0, 0, 4, 3, 2237
"/Users/msierradiego/Proyecto1/App/vendor/masterminds/html5/src/HTML5/Exception.php", "PHP", 0, 0, 0, 0, 5, 0, 0, 0, 0, 0, 3, 3, 11
"/Users/msierradiego/Proyecto1/App/vendor/masterminds/html5/src/HTML5/InstructionProcessor.php", "PHP", 0, 0, 0, 0, 6, 0, 0, 0, 0, 0, 33, 3, 42
"/Users/msierradiego/Proyecto1/App/vendor/masterminds/html5/src/HTML5/Parser/CharacterReference.php", "PHP", 0, 0, 0, 0, 25, 0, 0, 0, 0, 0, 29, 8, 62
"/Users/msierradiego/Proyecto1/App/vendor/masterminds/html5/src/HTML5/Parser/DOMTreeBuilder.php", "PHP", 0, 0, 0, 0, 405, 0, 0, 0, 0, 0, 182, 127, 714
"/Users/msierradiego/Proyecto1/App/vendor/masterminds/html5/src/HTML5/Parser/EventHandler.php", "PHP", 0, 0, 0, 0, 17, 0, 0, 0, 0, 0, 84, 14, 115
"/Users/msierradiego/Proyecto1/App/vendor/masterminds/html5/src/HTML5/Parser/FileInputStream.php", "PHP", 0, 0, 0, 0, 10, 0, 0, 0, 0, 0, 20, 4, 34
"/Users/msierradiego/Proyecto1/App/vendor/masterminds/html5/src/HTML5/Parser/InputStream.php", "PHP", 0, 0, 0, 0, 12, 0, 0, 0, 0, 0, 67, 9, 88
"/Users/msierradiego/Proyecto1/App/vendor/masterminds/html5/src/HTML5/Parser/ParseError.php", "PHP", 0, 0, 0, 0, 5, 0, 0, 0, 0, 0, 3, 3, 11
"/Users/msierradiego/Proyecto1/App/vendor/masterminds/html5/src/HTML5/Parser/README.md", "Markdown", 36, 0, 0, 0, 0, 0, 0, 0, 0, 0, 0, 18, 54
"/Users/msierradiego/Proyecto1/App/vendor/masterminds/html5/src/HTML5/Parser/Scanner.php", "PHP", 0, 0, 0, 0, 167, 0, 0, 0, 0, 0, 196, 54, 417
"/Users/msierradiego/Proyecto1/App/vendor/masterminds/html5/src/HTML5/Parser/StringInputStream.php", "PHP", 0, 0, 0, 0, 138, 0, 0, 0, 0, 0, 160, 39, 337
"/Users/msierradiego/Proyecto1/App/vendor/masterminds/html5/src/HTML5/Parser/Tokenizer.php", "PHP", 0, 0, 0, 0, 666, 0, 0, 0, 0, 0, 361, 189, 1216
"/Users/msierradiego/Proyecto1/App/vendor/masterminds/html5/src/HTML5/Parser/TreeBuildingRules.php", "PHP", 0, 0, 0, 0, 95, 0, 0, 0, 0, 0, 21, 11, 127
"/Users/msierradiego/Proyecto1/App/vendor/masterminds/html5/src/HTML5/Parser/UTF8Utils.php", "PHP", 0, 0, 0, 0, 61, 0, 0, 0, 0, 0, 99, 18, 178
"/Users/msierradiego/Proyecto1/App/vendor/masterminds/html5/src/HTML5/Serializer/HTML5Entities.php", "PHP", 0, 0, 0, 0, 1517, 0, 0, 0, 0, 0, 14, 3, 1534
"/Users/msierradiego/Proyecto1/App/vendor/masterminds/html5/src/HTML5/Serializer/OutputRules.php", "PHP", 0, 0, 0, 0, 345, 0, 0, 0, 0, 0, 146, 69, 560
"/Users/msierradiego/Proyecto1/App/vendor/masterminds/html5/src/HTML5/Serializer/README.md", "Markdown", 22, 0, 0, 0, 0, 0, 0, 0, 0, 0, 0, 11, 33
"/Users/msierradiego/Proyecto1/App/vendor/masterminds/html5/src/HTML5/Serializer/RulesInterface.php", "PHP", 0, 0, 0, 0, 13, 0, 0, 0, 0, 0, 77, 10, 100
"/Users/msierradiego/Proyecto1/App/vendor/masterminds/html5/src/HTML5/Serializer/Traverser.php", "PHP", 0, 0, 0, 0, 76, 0, 0, 0, 0, 0, 51, 16, 143
"/Users/msierradiego/Proyecto1/App/vendor/phpmailer/phpmailer/README.md", "Markdown", 169, 0, 0, 0, 0, 0, 0, 0, 0, 0, 0, 64, 233
"/Users/msierradiego/Proyecto1/App/vendor/phpmailer/phpmailer/SECURITY.md", "Markdown", 19, 0, 0, 0, 0, 0, 0, 0, 0, 0, 0, 19, 38
"/Users/msierradiego/Proyecto1/App/vendor/phpmailer/phpmailer/SMTPUTF8.md", "Markdown", 27, 0, 0, 0, 0, 0, 0, 0, 0, 0, 0, 22, 49
"/Users/msierradiego/Proyecto1/App/vendor/phpmailer/phpmailer/composer.json", "JSON", 0, 82, 0, 0, 0, 0, 0, 0, 0, 0, 0, 1, 83
"/Users/msierradiego/Proyecto1/App/vendor/phpmailer/phpmailer/get_oauth_token.php", "PHP", 0, 0, 0, 0, 117, 0, 0, 0, 0, 0, 48, 18, 183
"/Users/msierradiego/Proyecto1/App/vendor/phpmailer/phpmailer/language/phpmailer.lang-af.php", "PHP", 0, 0, 0, 0, 20, 0, 0, 0, 0, 0, 4, 3, 27
"/Users/msierradiego/Proyecto1/App/vendor/phpmailer/phpmailer/language/phpmailer.lang-ar.php", "PHP", 0, 0, 0, 0, 20, 0, 0, 0, 0, 0, 5, 3, 28
"/Users/msierradiego/Proyecto1/App/vendor/phpmailer/phpmailer/language/phpmailer.lang-as.php", "PHP", 0, 0, 0, 0, 28, 0, 0, 0, 0, 0, 5, 3, 36
"/Users/msierradiego/Proyecto1/App/vendor/phpmailer/phpmailer/language/phpmailer.lang-az.php", "PHP", 0, 0, 0, 0, 19, 0, 0, 0, 0, 0, 6, 3, 28
"/Users/msierradiego/Proyecto1/App/vendor/phpmailer/phpmailer/language/phpmailer.lang-ba.php", "PHP", 0, 0, 0, 0, 20, 0, 0, 0, 0, 0, 5, 3, 28
"/Users/msierradiego/Proyecto1/App/vendor/phpmailer/phpmailer/language/phpmailer.lang-be.php", "PHP", 0, 0, 0, 0, 19, 0, 0, 0, 0, 0, 6, 3, 28
"/Users/msierradiego/Proyecto1/App/vendor/phpmailer/phpmailer/language/phpmailer.lang-bg.php", "PHP", 0, 0, 0, 0, 20, 0, 0, 0, 0, 0, 5, 3, 28
"/Users/msierradiego/Proyecto1/App/vendor/phpmailer/phpmailer/language/phpmailer.lang-bn.php", "PHP", 0, 0, 0, 0, 28, 0, 0, 0, 0, 0, 5, 3, 36
"/Users/msierradiego/Proyecto1/App/vendor/phpmailer/phpmailer/language/phpmailer.lang-ca.php", "PHP", 0, 0, 0, 0, 19, 0, 0, 0, 0, 0, 6, 3, 28
"/Users/msierradiego/Proyecto1/App/vendor/phpmailer/phpmailer/language/phpmailer.lang-cs.php", "PHP", 0, 0, 0, 0, 22, 0, 0, 0, 0, 0, 4, 3, 29
"/Users/msierradiego/Proyecto1/App/vendor/phpmailer/phpmailer/language/phpmailer.lang-da.php", "PHP", 0, 0, 0, 0, 27, 0, 0, 0, 0, 0, 7, 3, 37
"/Users/msierradiego/Proyecto1/App/vendor/phpmailer/phpmailer/language/phpmailer.lang-de.php", "PHP", 0, 0, 0, 0, 22, 0, 0, 0, 0, 0, 4, 3, 29
"/Users/msierradiego/Proyecto1/App/vendor/phpmailer/phpmailer/language/phpmailer.lang-el.php", "PHP", 0, 0, 0, 0, 27, 0, 0, 0, 0, 0, 4, 3, 34
"/Users/msierradiego/Proyecto1/App/vendor/phpmailer/phpmailer/language/phpmailer.lang-eo.php", "PHP", 0, 0, 0, 0, 20, 0, 0, 0, 0, 0, 4, 3, 27
"/Users/msierradiego/Proyecto1/App/vendor/phpmailer/phpmailer/language/phpmailer.lang-es.php", "PHP", 0, 0, 0, 0, 29, 0, 0, 0, 0, 0, 7, 3, 39
"/Users/msierradiego/Proyecto1/App/vendor/phpmailer/phpmailer/language/phpmailer.lang-et.php", "PHP", 0, 0, 0, 0, 20, 0, 0, 0, 0, 0, 6, 3, 29
"/Users/msierradiego/Proyecto1/App/vendor/phpmailer/phpmailer/language/phpmailer.lang-fa.php", "PHP", 0, 0, 0, 0, 20, 0, 0, 0, 0, 0, 6, 3, 29
"/Users/msierradiego/Proyecto1/App/vendor/phpmailer/phpmailer/language/phpmailer.lang-fi.php", "PHP", 0, 0, 0, 0, 13, 0, 0, 0, 0, 0, 12, 3, 28
"/Users/msierradiego/Proyecto1/App/vendor/phpmailer/phpmailer/language/phpmailer.lang-fo.php", "PHP", 0, 0, 0, 0, 13, 0, 0, 0, 0, 0, 12, 3, 28
"/Users/msierradiego/Proyecto1/App/vendor/phpmailer/phpmailer/language/phpmailer.lang-fr.php", "PHP", 0, 0, 0, 0, 27, 0, 0, 0, 0, 0, 7, 3, 37
"/Users/msierradiego/Proyecto1/App/vendor/phpmailer/phpmailer/language/phpmailer.lang-gl.php", "PHP", 0, 0, 0, 0, 19, 0, 0, 0, 0, 0, 6, 3, 28
"/Users/msierradiego/Proyecto1/App/vendor/phpmailer/phpmailer/language/phpmailer.lang-he.php", "PHP", 0, 0, 0, 0, 19, 0, 0, 0, 0, 0, 6, 3, 28
"/Users/msierradiego/Proyecto1/App/vendor/phpmailer/phpmailer/language/phpmailer.lang-hi.php", "PHP", 0, 0, 0, 0, 27, 0, 0, 0, 0, 0, 6, 3, 36
"/Users/msierradiego/Proyecto1/App/vendor/phpmailer/phpmailer/language/phpmailer.lang-hr.php", "PHP", 0, 0, 0, 0, 20, 0, 0, 0, 0, 0, 5, 3, 28
"/Users/msierradiego/Proyecto1/App/vendor/phpmailer/phpmailer/language/phpmailer.lang-hu.php", "PHP", 0, 0, 0, 0, 20, 0, 0, 0, 0, 0, 5, 3, 28
"/Users/msierradiego/Proyecto1/App/vendor/phpmailer/phpmailer/language/phpmailer.lang-hy.php", "PHP", 0, 0, 0, 0, 20, 0, 0, 0, 0, 0, 5, 3, 28
"/Users/msierradiego/Proyecto1/App/vendor/phpmailer/phpmailer/language/phpmailer.lang-id.php", "PHP", 0, 0, 0, 0, 22, 0, 0, 0, 0, 0, 7, 3, 32
"/Users/msierradiego/Proyecto1/App/vendor/phpmailer/phpmailer/language/phpmailer.lang-it.php", "PHP", 0, 0, 0, 0, 20, 0, 0, 0, 0, 0, 6, 3, 29
"/Users/msierradiego/Proyecto1/App/vendor/phpmailer/phpmailer/language/phpmailer.lang-ja.php", "PHP", 0, 0, 0, 0, 27, 0, 0, 0, 0, 0, 8, 3, 38
"/Users/msierradiego/Proyecto1/App/vendor/phpmailer/phpmailer/language/phpmailer.lang-ka.php", "PHP", 0, 0, 0, 0, 20, 0, 0, 0, 0, 0, 5, 3, 28
"/Users/msierradiego/Proyecto1/App/vendor/phpmailer/phpmailer/language/phpmailer.lang-ko.php", "PHP", 0, 0, 0, 0, 20, 0, 0, 0, 0, 0, 5, 3, 28
"/Users/msierradiego/Proyecto1/App/vendor/phpmailer/phpmailer/language/phpmailer.lang-ku.php", "PHP", 0, 0, 0, 0, 20, 0, 0, 0, 0, 0, 5, 3, 28
"/Users/msierradiego/Proyecto1/App/vendor/phpmailer/phpmailer/language/phpmailer.lang-lt.php", "PHP", 0, 0, 0, 0, 19, 0, 0, 0, 0, 0, 6, 3, 28
"/Users/msierradiego/Proyecto1/App/vendor/phpmailer/phpmailer/language/phpmailer.lang-lv.php", "PHP", 0, 0, 0, 0, 19, 0, 0, 0, 0, 0, 6, 3, 28
"/Users/msierradiego/Proyecto1/App/vendor/phpmailer/phpmailer/language/phpmailer.lang-mg.php", "PHP", 0, 0, 0, 0, 20, 0, 0, 0, 0, 0, 5, 3, 28
"/Users/msierradiego/Proyecto1/App/vendor/phpmailer/phpmailer/language/phpmailer.lang-mn.php", "PHP", 0, 0, 0, 0, 20, 0, 0, 0, 0, 0, 5, 3, 28
"/Users/msierradiego/Proyecto1/App/vendor/phpmailer/phpmailer/language/phpmailer.lang-ms.php", "PHP", 0, 0, 0, 0, 20, 0, 0, 0, 0, 0, 5, 3, 28
"/Users/msierradiego/Proyecto1/App/vendor/phpmailer/phpmailer/language/phpmailer.lang-nb.php", "PHP", 0, 0, 0, 0, 27, 0, 0, 0, 0, 0, 4, 3, 34
"/Users/msierradiego/Proyecto1/App/vendor/phpmailer/phpmailer/language/phpmailer.lang-nl.php", "PHP", 0, 0, 0, 0, 27, 0, 0, 0, 0, 0, 5, 3, 35
"/Users/msierradiego/Proyecto1/App/vendor/phpmailer/phpmailer/language/phpmailer.lang-pl.php", "PHP", 0, 0, 0, 0, 27, 0, 0, 0, 0, 0, 4, 3, 34
"/Users/msierradiego/Proyecto1/App/vendor/phpmailer/phpmailer/language/phpmailer.lang-pt.php", "PHP", 0, 0, 0, 0, 27, 0, 0, 0, 0, 0, 5, 3, 35
"/Users/msierradiego/Proyecto1/App/vendor/phpmailer/phpmailer/language/phpmailer.lang-pt_br.php", "PHP", 0, 0, 0, 0, 27, 0, 0, 0, 0, 0, 9, 3, 39
"/Users/msierradiego/Proyecto1/App/vendor/phpmailer/phpmailer/language/phpmailer.lang-ro.php", "PHP", 0, 0, 0, 0, 27, 0, 0, 0, 0, 0, 4, 3, 34
"/Users/msierradiego/Proyecto1/App/vendor/phpmailer/phpmailer/language/phpmailer.lang-ru.php", "PHP", 0, 0, 0, 0, 27, 0, 0, 0, 0, 0, 7, 3, 37
"/Users/msierradiego/Proyecto1/App/vendor/phpmailer/phpmailer/language/phpmailer.lang-si.php", "PHP", 0, 0, 0, 0, 27, 0, 0, 0, 0, 0, 5, 3, 35
"/Users/msierradiego/Proyecto1/App/vendor/phpmailer/phpmailer/language/phpmailer.lang-sk.php", "PHP", 0, 0, 0, 0, 22, 0, 0, 0, 0, 0, 6, 3, 31
"/Users/msierradiego/Proyecto1/App/vendor/phpmailer/phpmailer/language/phpmailer.lang-sl.php", "PHP", 0, 0, 0, 0, 27, 0, 0, 0, 0, 0, 7, 3, 37
"/Users/msierradiego/Proyecto1/App/vendor/phpmailer/phpmailer/language/phpmailer.lang-sr.php", "PHP", 0, 0, 0, 0, 20, 0, 0, 0, 0, 0, 6, 3, 29
"/Users/msierradiego/Proyecto1/App/vendor/phpmailer/phpmailer/language/phpmailer.lang-sr_latn.php", "PHP", 0, 0, 0, 0, 20, 0, 0, 0, 0, 0, 6, 3, 29
"/Users/msierradiego/Proyecto1/App/vendor/phpmailer/phpmailer/language/phpmailer.lang-sv.php", "PHP", 0, 0, 0, 0, 19, 0, 0, 0, 0, 0, 6, 3, 28
"/Users/msierradiego/Proyecto1/App/vendor/phpmailer/phpmailer/language/phpmailer.lang-tl.php", "PHP", 0, 0, 0, 0, 20, 0, 0, 0, 0, 0, 6, 3, 29
"/Users/msierradiego/Proyecto1/App/vendor/phpmailer/phpmailer/language/phpmailer.lang-tr.php", "PHP", 0, 0, 0, 0, 27, 0, 0, 0, 0, 0, 9, 3, 39
"/Users/msierradiego/Proyecto1/App/vendor/phpmailer/phpmailer/language/phpmailer.lang-uk.php", "PHP", 0, 0, 0, 0, 20, 0, 0, 0, 0, 0, 6, 3, 29
"/Users/msierradiego/Proyecto1/App/vendor/phpmailer/phpmailer/language/phpmailer.lang-ur.php", "PHP", 0, 0, 0, 0, 23, 0, 0, 0, 0, 0, 5, 3, 31
"/Users/msierradiego/Proyecto1/App/vendor/phpmailer/phpmailer/language/phpmailer.lang-vi.php", "PHP", 0, 0, 0, 0, 19, 0, 0, 0, 0, 0, 6, 3, 28
"/Users/msierradiego/Proyecto1/App/vendor/phpmailer/phpmailer/language/phpmailer.lang-zh.php", "PHP", 0, 0, 0, 0, 20, 0, 0, 0, 0, 0, 7, 3, 30
"/Users/msierradiego/Proyecto1/App/vendor/phpmailer/phpmailer/language/phpmailer.lang-zh_cn.php", "PHP", 0, 0, 0, 0, 27, 0, 0, 0, 0, 0, 7, 3, 37
"/Users/msierradiego/Proyecto1/App/vendor/phpmailer/phpmailer/src/DSNConfigurator.php", "PHP", 0, 0, 0, 0, 136, 0, 0, 0, 0, 0, 80, 30, 246
"/Users/msierradiego/Proyecto1/App/vendor/phpmailer/phpmailer/src/Exception.php", "PHP", 0, 0, 0, 0, 9, 0, 0, 0, 0, 0, 28, 4, 41
"/Users/msierradiego/Proyecto1/App/vendor/phpmailer/phpmailer/src/OAuth.php", "PHP", 0, 0, 0, 0, 46, 0, 0, 0, 0, 0, 79, 15, 140
"/Users/msierradiego/Proyecto1/App/vendor/phpmailer/phpmailer/src/OAuthTokenProvider.php", "PHP", 0, 0, 0, 0, 6, 0, 0, 0, 0, 0, 35, 4, 45
"/Users/msierradiego/Proyecto1/App/vendor/phpmailer/phpmailer/src/PHPMailer.php", "PHP", 0, 0, 0, 0, 3041, 0, 0, 0, 0, 0, 2011, 409, 5461
"/Users/msierradiego/Proyecto1/App/vendor/phpmailer/phpmailer/src/POP3.php", "PHP", 0, 0, 0, 0, 183, 0, 0, 0, 0, 0, 234, 53, 470
"/Users/msierradiego/Proyecto1/App/vendor/phpmailer/phpmailer/src/SMTP.php", "PHP", 0, 0, 0, 0, 783, 0, 0, 0, 0, 0, 660, 146, 1589
"/Users/msierradiego/Proyecto1/App/vendor/sabberworm/php-css-parser/CHANGELOG.md", "Markdown", 322, 0, 0, 0, 0, 0, 0, 0, 0, 0, 0, 133, 455
"/Users/msierradiego/Proyecto1/App/vendor/sabberworm/php-css-parser/README.md", "Markdown", 550, 0, 0, 0, 0, 0, 0, 0, 0, 0, 0, 88, 638
"/Users/msierradiego/Proyecto1/App/vendor/sabberworm/php-css-parser/composer.json", "JSON", 0, 51, 0, 0, 0, 0, 0, 0, 0, 0, 0, 1, 52
"/Users/msierradiego/Proyecto1/App/vendor/sabberworm/php-css-parser/src/CSSElement.php", "PHP", 0, 0, 0, 0, 4, 0, 0, 0, 0, 0, 10, 4, 18
"/Users/msierradiego/Proyecto1/App/vendor/sabberworm/php-css-parser/src/CSSList/AtRuleBlockList.php", "PHP", 0, 0, 0, 0, 45, 0, 0, 0, 0, 0, 33, 11, 89
"/Users/msierradiego/Proyecto1/App/vendor/sabberworm/php-css-parser/src/CSSList/CSSBlockList.php", "PHP", 0, 0, 0, 0, 123, 0, 0, 0, 0, 0, 57, 11, 191
"/Users/msierradiego/Proyecto1/App/vendor/sabberworm/php-css-parser/src/CSSList/CSSList.php", "PHP", 0, 0, 0, 0, 323, 0, 0, 0, 0, 0, 146, 28, 497
"/Users/msierradiego/Proyecto1/App/vendor/sabberworm/php-css-parser/src/CSSList/Document.php", "PHP", 0, 0, 0, 0, 66, 0, 0, 0, 0, 0, 73, 13, 152
"/Users/msierradiego/Proyecto1/App/vendor/sabberworm/php-css-parser/src/CSSList/KeyFrame.php", "PHP", 0, 0, 0, 0, 55, 0, 0, 0, 0, 0, 40, 15, 110
"/Users/msierradiego/Proyecto1/App/vendor/sabberworm/php-css-parser/src/Comment/Comment.php", "PHP", 0, 0, 0, 0, 32, 0, 0, 0, 0, 0, 27, 10, 69
"/Users/msierradiego/Proyecto1/App/vendor/sabberworm/php-css-parser/src/Comment/Commentable.php", "PHP", 0, 0, 0, 0, 8, 0, 0, 0, 0, 0, 13, 5, 26
"/Users/msierradiego/Proyecto1/App/vendor/sabberworm/php-css-parser/src/OutputFormat.php", "PHP", 0, 0, 0, 0, 144, 0, 0, 0, 0, 0, 250, 44, 438
"/Users/msierradiego/Proyecto1/App/vendor/sabberworm/php-css-parser/src/OutputFormatter.php", "PHP", 0, 0, 0, 0, 150, 0, 0, 0, 0, 0, 91, 28, 269
"/Users/msierradiego/Proyecto1/App/vendor/sabberworm/php-css-parser/src/Parser.php", "PHP", 0, 0, 0, 0, 28, 0, 0, 0, 0, 0, 35, 8, 71
"/Users/msierradiego/Proyecto1/App/vendor/sabberworm/php-css-parser/src/Parsing/Anchor.php", "PHP", 0, 0, 0, 0, 16, 0, 0, 0, 0, 0, 16, 6, 38
"/Users/msierradiego/Proyecto1/App/vendor/sabberworm/php-css-parser/src/Parsing/OutputException.php", "PHP", 0, 0, 0, 0, 9, 0, 0, 0, 0, 0, 7, 3, 19
"/Users/msierradiego/Proyecto1/App/vendor/sabberworm/php-css-parser/src/Parsing/ParserState.php", "PHP", 0, 0, 0, 0, 329, 0, 0, 0, 0, 0, 182, 42, 553
"/Users/msierradiego/Proyecto1/App/vendor/sabberworm/php-css-parser/src/Parsing/SourceException.php", "PHP", 0, 0, 0, 0, 16, 0, 0, 0, 0, 0, 4, 5, 25
"/Users/msierradiego/Proyecto1/App/vendor/sabberworm/php-css-parser/src/Parsing/UnexpectedEOFException.php", "PHP", 0, 0, 0, 0, 5, 0, 0, 0, 0, 0, 5, 3, 13
"/Users/msierradiego/Proyecto1/App/vendor/sabberworm/php-css-parser/src/Parsing/UnexpectedTokenException.php", "PHP", 0, 0, 0, 0, 25, 0, 0, 0, 0, 0, 20, 7, 52
"/Users/msierradiego/Proyecto1/App/vendor/sabberworm/php-css-parser/src/Position/Position.php", "PHP", 0, 0, 0, 0, 31, 0, 0, 0, 0, 0, 30, 12, 73
"/Users/msierradiego/Proyecto1/App/vendor/sabberworm/php-css-parser/src/Position/Positionable.php", "PHP", 0, 0, 0, 0, 11, 0, 0, 0, 0, 0, 27, 8, 46
"/Users/msierradiego/Proyecto1/App/vendor/sabberworm/php-css-parser/src/Property/AtRule.php", "PHP", 0, 0, 0, 0, 11, 0, 0, 0, 0, 0, 21, 7, 39
"/Users/msierradiego/Proyecto1/App/vendor/sabberworm/php-css-parser/src/Property/CSSNamespace.php", "PHP", 0, 0, 0, 0, 70, 0, 0, 0, 0, 0, 67, 20, 157
"/Users/msierradiego/Proyecto1/App/vendor/sabberworm/php-css-parser/src/Property/Charset.php", "PHP", 0, 0, 0, 0, 57, 0, 0, 0, 0, 0, 62, 17, 136
"/Users/msierradiego/Proyecto1/App/vendor/sabberworm/php-css-parser/src/Property/Import.php", "PHP", 0, 0, 0, 0, 66, 0, 0, 0, 0, 0, 59, 18, 143
"/Users/msierradiego/Proyecto1/App/vendor/sabberworm/php-css-parser/src/Property/KeyframeSelector.php", "PHP", 0, 0, 0, 0, 16, 0, 0, 0, 0, 0, 7, 3, 26
"/Users/msierradiego/Proyecto1/App/vendor/sabberworm/php-css-parser/src/Property/Selector.php", "PHP", 0, 0, 0, 0, 77, 0, 0, 0, 0, 0, 59, 13, 149
"/Users/msierradiego/Proyecto1/App/vendor/sabberworm/php-css-parser/src/Renderable.php", "PHP", 0, 0, 0, 0, 8, 0, 0, 0, 0, 0, 13, 5, 26
"/Users/msierradiego/Proyecto1/App/vendor/sabberworm/php-css-parser/src/Rule/Rule.php", "PHP", 0, 0, 0, 0, 216, 0, 0, 0, 0, 0, 137, 31, 384
"/Users/msierradiego/Proyecto1/App/vendor/sabberworm/php-css-parser/src/RuleSet/AtRuleSet.php", "PHP", 0, 0, 0, 0, 39, 0, 0, 0, 0, 0, 33, 10, 82
"/Users/msierradiego/Proyecto1/App/vendor/sabberworm/php-css-parser/src/RuleSet/DeclarationBlock.php", "PHP", 0, 0, 0, 0, 661, 0, 0, 0, 0, 0, 184, 27, 872
"/Users/msierradiego/Proyecto1/App/vendor/sabberworm/php-css-parser/src/RuleSet/RuleSet.php", "PHP", 0, 0, 0, 0, 207, 0, 0, 0, 0, 0, 126, 25, 358
"/Users/msierradiego/Proyecto1/App/vendor/sabberworm/php-css-parser/src/Settings.php", "PHP", 0, 0, 0, 0, 35, 0, 0, 0, 0, 0, 61, 11, 107
"/Users/msierradiego/Proyecto1/App/vendor/sabberworm/php-css-parser/src/Value/CSSFunction.php", "PHP", 0, 0, 0, 0, 51, 0, 0, 0, 0, 0, 48, 11, 110
"/Users/msierradiego/Proyecto1/App/vendor/sabberworm/php-css-parser/src/Value/CSSString.php", "PHP", 0, 0, 0, 0, 67, 0, 0, 0, 0, 0, 40, 10, 117
"/Users/msierradiego/Proyecto1/App/vendor/sabberworm/php-css-parser/src/Value/CalcFunction.php", "PHP", 0, 0, 0, 0, 83, 0, 0, 0, 0, 0, 26, 7, 116
"/Users/msierradiego/Proyecto1/App/vendor/sabberworm/php-css-parser/src/Value/CalcRuleValueList.php", "PHP", 0, 0, 0, 0, 14, 0, 0, 0, 0, 0, 8, 5, 27
"/Users/msierradiego/Proyecto1/App/vendor/sabberworm/php-css-parser/src/Value/Color.php", "PHP", 0, 0, 0, 0, 120, 0, 0, 0, 0, 0, 51, 16, 187
"/Users/msierradiego/Proyecto1/App/vendor/sabberworm/php-css-parser/src/Value/LineName.php", "PHP", 0, 0, 0, 0, 43, 0, 0, 0, 0, 0, 22, 7, 72
"/Users/msierradiego/Proyecto1/App/vendor/sabberworm/php-css-parser/src/Value/PrimitiveValue.php", "PHP", 0, 0, 0, 0, 9, 0, 0, 0, 0, 0, 3, 3, 15
"/Users/msierradiego/Proyecto1/App/vendor/sabberworm/php-css-parser/src/Value/RuleValueList.php", "PHP", 0, 0, 0, 0, 9, 0, 0, 0, 0, 0, 9, 3, 21
"/Users/msierradiego/Proyecto1/App/vendor/sabberworm/php-css-parser/src/Value/Size.php", "PHP", 0, 0, 0, 0, 137, 0, 0, 0, 0, 0, 86, 25, 248
"/Users/msierradiego/Proyecto1/App/vendor/sabberworm/php-css-parser/src/Value/URL.php", "PHP", 0, 0, 0, 0, 58, 0, 0, 0, 0, 0, 34, 10, 102
"/Users/msierradiego/Proyecto1/App/vendor/sabberworm/php-css-parser/src/Value/Value.php", "PHP", 0, 0, 0, 0, 155, 0, 0, 0, 0, 0, 52, 12, 219
"/Users/msierradiego/Proyecto1/App/vendor/sabberworm/php-css-parser/src/Value/ValueList.php", "PHP", 0, 0, 0, 0, 49, 0, 0, 0, 0, 0, 53, 13, 115
"/Users/msierradiego/Proyecto1/README.md", "Markdown", 67, 0, 0, 0, 0, 0, 0, 0, 0, 0, 0, 16, 83
"/Users/msierradiego/Proyecto1/backup_completo.sql", "MS SQL", 0, 0, 0, 0, 0, 0, 0, 0, 0, 1021, 380, 223, 1624
"/Users/msierradiego/Proyecto1/docker-compose.yml", "YAML", 0, 0, 55, 0, 0, 0, 0, 0, 0, 0, 3, 6, 64
"Total", "-", 2767, 5406, 101, 70, 56047, 3770, 136, 2227, 23, 1021, 22869, 14236, 108673